Date,Start time,Type,Venue,Location,Postcode,Players signed up,Players at last set champ,Winner,Travel time,Route link,Event link,Last set champ link,Price,Created
2026-10-15,2026-10-15T23:00:00+00:00,Hyperia City Prerelease (Sealed),The Other Games,"Blue Post House, 128, Newland St, Witham, England, CM8 1BA, GB",CM8 1BA,7,N/A,,1h 33m,https://www.google.com/maps/dir/?api=1&origin=MK10%200BA&destination=Blue%20Post%20House%2C%20128%2C%20Newland%20St%2C%20Witham%2C%20England%2C%20CM8%201BA%2C%20GB,https://tcg.ravensburgerplay.com/events/941304,,£35.00,2026-10-01T18:21:04.344481

2026-10-16,2026-10-16T18:00:00+00:00,Hyperia City Prerelease (Sealed),Players Paradice,"19, St John's Terrace, Newport Pagnell, England, MK16 8HE, GB",MK16 8HE,4,N/A,,9m,https://www.google.com/maps/dir/?api=1&origin=MK10%200BA&destination=19%2C%20St%20John%27s%20Terrace%2C%20Newport%20Pagnell%2C%20England%2C%20MK16%208HE%2C%20GB,https://tcg.ravensburgerplay.com/events/1024837,,£35.00,2026-10-01T18:21:18.521916
2026-10-16,2026-10-16T17:00:00+00:00,Hyperia City Prerelease (Sealed),Southern Inkz tattoo studio,"52, Queen St, Wellingborough, England, NN8 4JP, GB",NN8 4JP,5,N/A,,32m,https://www.google.com/maps/dir/?api=1&origin=MK10%200BA&destination=52%2C%20Queen%20St%2C%20Wellingborough%2C%20England%2C%20NN8%204JP%2C%20GB,https://tcg.ravensburgerplay.com/events/1044304,,£30.00,2026-10-02T10:39:10.404759
2026-10-16,2026-10-16T17:45:00+00:00,Hyperia City Prerelease (Sealed),TheHiveGaming,"Church Lane, CHURCH LANE, BANBURY,OXON, England, OX16 5LR, GB",OX16 5LR,0,N/A,,48m,https://www.google.com/maps/dir/?api=1&origin=MK10%200BA&destination=Church%20Lane%2C%20CHURCH%20LANE%2C%20BANBURY%2COXON%2C%20England%2C%20OX16%205LR%2C%20GB,https://tcg.ravensburgerplay.com/events/926749,,£35.00,2026-10-01T18:21:17.693550
2026-10-16,2026-10-16T17:30:00+00:00,Hyperia City Prerelease (Sealed),The Games Den,"7 Park Street, Royal Leamington Spa, England, CV32 4QN, GB",CV32 4QN,0,N/A,,1h 1m,https://www.google.com/maps/dir/?api=1&origin=MK10%200BA&destination=7%20Park%20Street%2C%20Royal%20Leamington%20Spa%2C%20England%2C%20CV32%204QN%2C%20GB,https://tcg.ravensburgerplay.com/events/968939,,£32.50,2026-10-01T19:23:29.736258
2026-10-16,2026-10-16T17:30:00+00:00,Hyperia City Prerelease (Sealed),Lionsheart Bookshop and Cafe,"67 Commercial Way, Woking, England, GU21 6HN, GB",GU21 6HN,11,N/A,,1h 12m,https://www.google.com/maps/dir/?api=1&origin=MK10%200BA&destination=67%20Commercial%20Way%2C%20Woking%2C%20England%2C%20GU21%206HN%2C%20GB,https://tcg.ravensburgerplay.com/events/979965,,£0.00,2026-10-01T18:21:13.188781
2026-10-16,2026-10-16T18:30:00+00:00,Hyperia City Prerelease (Sealed),Angle Gaming Lounge,"939 Lincoln Road, Peterborough, England, pe4 6af, GB",PE4 6AF,0,N/A,,1h 12m,https://www.google.com/maps/dir/?api=1&origin=MK10%200BA&destination=939%20Lincoln%20Road%2C%20Peterborough%2C%20England%2C%20pe4%206af%2C%20GB,https://tcg.ravensburgerplay.com/events/1074439,,£30.00,2026-10-05T17:52:46.223151
2026-10-16,2026-10-16T09:30:00+00:00,Hyperia City Prerelease (Sealed),Silvermine,"Holliday St, Birmingham, England, B1 1TJ, GB",B1 1TJ,0,N/A,,1h 21m,https://www.google.com/maps/dir/?api=1&origin=MK10%200BA&destination=Holliday%20St%2C%20Birmingham%2C%20England%2C%20B1%201TJ%2C%20GB,https://tcg.ravensburgerplay.com/events/1024569,,£30.00,2026-10-01T18:21:05.086142
2026-10-16,2026-10-16T13:00:00+00:00,Hyperia City Prerelease (Sealed),Food and Board,"32-42 Tudor Drive, Food and Board, Yateley, England, GU466BY, GB",GU466BY,1,N/A,,1h 22m,https://www.google.com/maps/dir/?api=1&origin=MK10%200BA&destination=32-42%20Tudor%20Drive%2C%20Food%20and%20Board%2C%20Yateley%2C%20England%2C%20GU466BY%2C%20GB,https://tcg.ravensburgerplay.com/events/1035212,,£34.99,2026-10-01T22:24:45.375802
2026-10-16,2026-10-16T17:00:00+00:00,Hyperia City Prerelease (Sealed),Black Dragon Games Ltd,"17 Burton Street, Melton Mowbray, England, le13 1ae, GB",LE13 1AE,1,N/A,,1h 23m,https://www.google.com/maps/dir/?api=1&origin=MK10%200BA&destination=17%20Burton%20Street%2C%20Melton%20Mowbray%2C%20England%2C%20le13%201ae%2C%20GB,https://tcg.ravensburgerplay.com/events/926829,,£34.99,2026-10-01T18:21:11.295852
2026-10-16,2026-10-16T18:00:00+00:00,Hyperia City Prerelease (Sealed),Rollplay,"41 High Street, March, England, PE15 9JJ, GB",PE15 9JJ,0,N/A,,1h 24m,https://www.google.com/maps/dir/?api=1&origin=MK10%200BA&destination=41%20High%20Street%2C%20March%2C%20England%2C%20PE15%209JJ%2C%20GB,https://tcg.ravensburgerplay.com/events/953703,,£32.50,2026-10-01T18:21:18.116318
2026-10-16,2026-10-16T17:00:00+00:00,Hyperia City Prerelease (Sealed),The Games Shop,"6 Wellington Street, Aldershot, England, GU11 1DZ, GB",GU11 1DZ,0,N/A,,1h 25m,https://www.google.com/maps/dir/?api=1&origin=MK10%200BA&destination=6%20Wellington%20Street%2C%20Aldershot%2C%20England%2C%20GU11%201DZ%2C%20GB,https://tcg.ravensburgerplay.com/events/968816,,£34.99,2026-10-01T18:21:11.713711
2026-10-16,2026-10-16T17:30:00+00:00,Hyperia City Prerelease (Sealed),Atomic Cards,"9 Hobley Dr, Swindon, England, SN3 4JG, GB",SN3 4JG,6,N/A,,1h 29m,https://www.google.com/maps/dir/?api=1&origin=MK10%200BA&destination=9%20Hobley%20Dr%2C%20Swindon%2C%20England%2C%20SN3%204JG%2C%20GB,https://tcg.ravensburgerplay.com/events/973879,,£35.00,2026-10-01T18:21:12.706181
2026-10-16,2026-10-16T17:30:00+00:00,Hyperia City Prerelease (Sealed),Outlaw Games Cafe,"56 Lilac Cres, Rylands, Beeston, Nottingham NG9 1PX, UK",NG9 1PX,9,N/A,,1h 30m,https://www.google.com/maps/dir/?api=1&origin=MK10%200BA&destination=56%20Lilac%20Cres%2C%20Rylands%2C%20Beeston%2C%20Nottingham%20NG9%201PX%2C%20UK,https://tcg.ravensburgerplay.com/events/935757,,£35.00,2026-10-01T18:21:15.319625
2026-10-16,2026-10-16T10:00:00+00:00,Hyperia City Prerelease (Sealed),Forbidden Planet International,"28, St Peters St, Derby, England, DE1 1SL, GB",DE1 1SL,6,N/A,,1h 31m,https://www.google.com/maps/dir/?api=1&origin=MK10%200BA&destination=28%2C%20St%20Peters%20St%2C%20Derby%2C%20England%2C%20DE1%201SL%2C%20GB,https://tcg.ravensburgerplay.com/events/918695,,£35.00,2026-10-01T18:21:05.499664
2026-10-16,2026-10-16T18:00:00+00:00,Hyperia City Prerelease (Pack Rush),The Dice Cup,"68-70 Mansfield Road, Nottingham, England, NG1 3GY, GB",NG1 3GY,0,N/A,,1h 34m,https://www.google.com/maps/dir/?api=1&origin=MK10%200BA&destination=68-70%20Mansfield%20Road%2C%20Nottingham%2C%20England%2C%20NG1%203GY%2C%20GB,https://tcg.ravensburgerplay.com/events/1074763,,£30.00,2026-10-05T20:54:01.630327
2026-10-16,2026-10-16T17:30:00+00:00,Hyperia City Prerelease (Sealed),Shuffle Board Game Cafe,"63 St Andrew's Street S, Bury St Edmunds, Bury Saint Edmunds IP33 1SD, UK",IP33 1SD,0,N/A,,1h 35m,https://www.google.com/maps/dir/?api=1&origin=MK10%200BA&destination=63%20St%20Andrew%27s%20Street%20S%2C%20Bury%20St%20Edmunds%2C%20Bury%20Saint%20Edmunds%20IP33%201SD%2C%20UK,https://tcg.ravensburgerplay.com/events/951178,,£35.00,2026-10-01T18:21:16.459694
2026-10-16,2026-10-16T17:00:00+00:00,Hyperia City Prerelease (Sealed),cataclysm games,"45 Canterbury Street, Medway, England, ME7 5TR, GB",ME7 5TR,0,N/A,,1h 42m,https://www.google.com/maps/dir/?api=1&origin=MK10%200BA&destination=45%20Canterbury%20Street%2C%20Medway%2C%20England%2C%20ME7%205TR%2C%20GB,https://tcg.ravensburgerplay.com/events/986240,,£35.00,2026-10-01T18:21:08.082295
2026-10-16,2026-10-16T18:00:00+00:00,Hyperia City Prerelease (Sealed),Board in the City CIC,"38-40 Onslow Road, Southampton, England, SO14 0JG, GB",SO14 0JG,6,N/A,,2h 6m,https://www.google.com/maps/dir/?api=1&origin=MK10%200BA&destination=38-40%20Onslow%20Road%2C%20Southampton%2C%20England%2C%20SO14%200JG%2C%20GB,https://tcg.ravensburgerplay.com/events/979584,,£35.00,2026-10-01T18:21:19.640879
2026-10-16,2026-10-16T17:30:00+00:00,Hyperia City Prerelease (Sealed),Dice and Dumplings,150 Above Bar Street SOUTHAMPTON SO14 7DU UNITED KINGDOM,SO14 7DU,15,N/A,,2h 8m,https://www.google.com/maps/dir/?api=1&origin=MK10%200BA&destination=150%20Above%20Bar%20Street%0ASOUTHAMPTON%0ASO14%207DU%0AUNITED%20KINGDOM,https://tcg.ravensburgerplay.com/events/1016287,,£45.00,2026-10-01T18:21:14.373986
2026-10-16,2026-10-16T17:00:00+00:00,Hyperia City Prerelease (Sealed),Board on the Waterside,"The Exchange, Beaulieu Rd, Dibden Purlieu, England, SO45 4PX, GB",SO45 4PX,2,N/A,,2h 15m,https://www.google.com/maps/dir/?api=1&origin=MK10%200BA&destination=The%20Exchange%2C%20Beaulieu%20Rd%2C%20Dibden%20Purlieu%2C%20England%2C%20SO45%204PX%2C%20GB,https://tcg.ravensburgerplay.com/events/1034070,,£34.99,2026-10-01T18:21:10.888990
2026-10-16,2026-10-16T17:00:00+00:00,Hyperia City Prerelease (Sealed),prestige wargaming,"34 Shambles Street, prestige wargaming, Barnsley, England, S702SH, GB",S702SH,10,N/A,,2h 20m,https://www.google.com/maps/dir/?api=1&origin=MK10%200BA&destination=34%20Shambles%20Street%2C%20prestige%20wargaming%2C%20Barnsley%2C%20England%2C%20S702SH%2C%20GB,https://tcg.ravensburgerplay.com/events/986157,,£35.00,2026-10-01T18:21:08.642360
2026-10-16,2026-10-16T17:00:00+00:00,Hyperia City Prerelease (Sealed),FTK GAMING NETWORK LTD T/A CHAOS CARDS,"100 Sandgate Road, FOLKESTONE, England, CT20 2BW, GB",CT20 2BW,0,N/A,,2h 22m,https://www.google.com/maps/dir/?api=1&origin=MK10%200BA&destination=100%20Sandgate%20Road%2C%20FOLKESTONE%2C%20England%2C%20CT20%202BW%2C%20GB,https://tcg.ravensburgerplay.com/events/1074410,,£25.00,2026-10-05T11:46:20.937540
2026-10-16,2026-10-16T17:00:00+00:00,Hyperia City Prerelease (Sealed),Ravenspire Games,"Unit 5, The Granary, Spratling Court, Spratling Street MANSTON CT12 5AN UNITED KINGDOM",CT12 5AN,0,N/A,,2h 24m,https://www.google.com/maps/dir/?api=1&origin=MK10%200BA&destination=Unit%205%2C%20The%20Granary%2C%20Spratling%20Court%2C%20Spratling%20Street%0AMANSTON%0ACT12%205AN%0AUNITED%20KINGDOM,https://tcg.ravensburgerplay.com/events/945853,,£35.00,2026-10-01T18:21:09.271872
2026-10-16,2026-10-16T17:00:00+00:00,Hyperia City Prerelease (Sealed),Bristol Independent Gaming Ltd,"11 Cater Road, BRISTOL, England, BS13 7TW, GB",BS13 7TW,0,N/A,,2h 28m,https://www.google.com/maps/dir/?api=1&origin=MK10%200BA&destination=11%20Cater%20Road%2C%20BRISTOL%2C%20England%2C%20BS13%207TW%2C%20GB,https://tcg.ravensburgerplay.com/events/957241,,£40.00,2026-10-01T18:21:10.301553
2026-10-16,2026-10-16T17:30:00+00:00,Hyperia City Prerelease (Sealed),We Love Collectibles,"Westwood Industrial Estate, Strasbourg St, Westwood, England, CT9 4JJ, GB",CT9 4JJ,6,N/A,,2h 28m,https://www.google.com/maps/dir/?api=1&origin=MK10%200BA&destination=Westwood%20Industrial%20Estate%2C%20Strasbourg%20St%2C%20Westwood%2C%20England%2C%20CT9%204JJ%2C%20GB,https://tcg.ravensburgerplay.com/events/926306,,£30.00,2026-10-01T18:21:12.149705
2026-10-16,2026-10-16T17:00:00+00:00,Hyperia City Prerelease (Sealed),Galleon Games,"30 Saint Leonards Road, 30 St. Leonards Road, Bexhill, England, TN40 1HT, GB",TN40 1HT,7,N/A,,2h 33m,https://www.google.com/maps/dir/?api=1&origin=MK10%200BA&destination=30%20Saint%20Leonards%20Road%2C%2030%20St.%20Leonards%20Road%2C%20Bexhill%2C%20England%2C%20TN40%201HT%2C%20GB,https://tcg.ravensburgerplay.com/events/1034074,,£35.00,2026-10-01T18:21:07.679948
2026-10-16,2026-10-16T17:30:00+00:00,Hyperia City Prerelease (Sealed),Living Realms Castleford,"13-15 Sagar Street, Castleford, WF10 1AF, GB",WF10 1AF,2,N/A,,2h 33m,https://www.google.com/maps/dir/?api=1&origin=MK10%200BA&destination=13-15%20Sagar%20Street%2C%20Castleford%2C%20WF10%201AF%2C%20GB,https://tcg.ravensburgerplay.com/events/938458,,£35.00,2026-10-01T18:21:17.096764
2026-10-16,2026-10-16T15:30:00+00:00,Hyperia City Prerelease (Pack Rush),4th Planet Games,11 Bank St WREXHAM LL11 1AH UNITED KINGDOM,LL11 1AH,1,N/A,,2h 45m,https://www.google.com/maps/dir/?api=1&origin=MK10%200BA&destination=11%20Bank%20St%0AWREXHAM%0ALL11%201AH%0AUNITED%20KINGDOM,https://tcg.ravensburgerplay.com/events/953983,,£30.00,2026-10-01T18:20:35.351347
2026-10-16,2026-10-16T18:00:00+00:00,Hyperia City Prerelease (Sealed),Hull Pops Gaming Centre,"Unit 26 Priory Tec Pk, Saxon Way, Hessle, England, HU13 9PB, GB",HU13 9PB,21,N/A,,2h 49m,https://www.google.com/maps/dir/?api=1&origin=MK10%200BA&destination=Unit%2026%20Priory%20Tec%20Pk%2C%20Saxon%20Way%2C%20Hessle%2C%20England%2C%20HU13%209PB%2C%20GB,https://tcg.ravensburgerplay.com/events/960387,,£35.00,2026-10-01T18:21:19.019101
2026-10-16,2026-10-16T17:30:00+00:00,Hyperia City Prerelease (Sealed),Harlequins Preston,"52 Manchester Road, Lancashire, England, PR1 3YH, GB",PR1 3YH,9,N/A,,3h 7m,https://www.google.com/maps/dir/?api=1&origin=MK10%200BA&destination=52%20Manchester%20Road%2C%20Lancashire%2C%20England%2C%20PR1%203YH%2C%20GB,https://tcg.ravensburgerplay.com/events/954207,,£30.00,2026-10-01T18:21:13.726483
2026-10-16,2026-10-16T17:00:00+00:00,Hyperia City Prerelease (Sealed),Firestorm Games Merthyr,"129 High Street, Merthyr Tydfil, Wales, CF47 8DN, GB",CF47 8DN,0,N/A,,3h 11m,https://www.google.com/maps/dir/?api=1&origin=MK10%200BA&destination=129%20High%20Street%2C%20Merthyr%20Tydfil%2C%20Wales%2C%20CF47%208DN%2C%20GB,https://tcg.ravensburgerplay.com/events/1024855,,£0.00,2026-10-01T18:21:09.681372
2026-10-16,2026-10-16T17:30:00+00:00,Hyperia City Prerelease (Sealed),Firestorm Games Bridgend,"6 Caroline St, Bridgend, Wales, CF31 1DQ, GB",CF31 1DQ,2,N/A,,3h 12m,https://www.google.com/maps/dir/?api=1&origin=MK10%200BA&destination=6%20Caroline%20St%2C%20Bridgend%2C%20Wales%2C%20CF31%201DQ%2C%20GB,https://tcg.ravensburgerplay.com/events/986552,,£0.00,2026-10-01T18:21:14.868741
2026-10-16,2026-10-16T17:30:00+00:00,Hyperia City Prerelease (Sealed),Beacon Games,"Unit 2, Trinity Square, Trinity House AXMINSTER EX13 5AP UNITED KINGDOM",EX13 5AP,2,N/A,,3h 26m,https://www.google.com/maps/dir/?api=1&origin=MK10%200BA&destination=Unit%202%2C%20Trinity%20Square%2C%20Trinity%20House%0AAXMINSTER%0AEX13%205AP%0AUNITED%20KINGDOM,https://tcg.ravensburgerplay.com/events/953621,,£0.00,2026-10-01T22:25:01.976176
2026-10-16,2026-10-16T17:30:00+00:00,Hyperia City Prerelease (Sealed),Trainer Legacy,29 Station Rd COLWYN BAY LL29 8BP UNITED KINGDOM,LL29 8BP,9,N/A,,3h 32m,https://www.google.com/maps/dir/?api=1&origin=MK10%200BA&destination=29%20Station%20Rd%0ACOLWYN%20BAY%0ALL29%208BP%0AUNITED%20KINGDOM,https://tcg.ravensburgerplay.com/events/943497,,£35.00,2026-10-01T18:21:15.790018
2026-10-16,2026-10-16T09:00:00+00:00,Hyperia City Prerelease (Pack Rush),The Coffee Gallery,"7 High St, Shanklin Isle of Wight Po376jz, Shanklin, England, PO37 6LA, GB",PO376JZ,13,N/A,,3h 40m,https://www.google.com/maps/dir/?api=1&origin=MK10%200BA&destination=7%20High%20St%2C%20Shanklin%20Isle%20of%20Wight%20Po376jz%2C%20Shanklin%2C%20England%2C%20PO37%206LA%2C%20GB,https://tcg.ravensburgerplay.com/events/954116,,£35.00,2026-10-01T18:20:34.130334
2026-10-16,2026-10-16T17:30:00+00:00,Hyperia City Prerelease (Sealed),The Gamers' Emporium,"5-6 Union St, Swansea SA1 3EE, UK",SA1 3EE,0,N/A,,3h 40m,https://www.google.com/maps/dir/?api=1&origin=MK10%200BA&destination=5-6%20Union%20St%2C%20Swansea%20SA1%203EE%2C%20UK,https://tcg.ravensburgerplay.com/events/1016126,,£35.00,2026-10-01T19:23:30.384296
2026-10-16,2026-10-16T16:00:00+00:00,Hyperia City Prerelease (Pack Rush),Geeks of the Galaxy,"51, Cheapside, Spennymoor, England, DL16 6QF, GB",DL16 6QF,0,N/A,,3h 53m,https://www.google.com/maps/dir/?api=1&origin=MK10%200BA&destination=51%2C%20Cheapside%2C%20Spennymoor%2C%20England%2C%20DL16%206QF%2C%20GB,https://tcg.ravensburgerplay.com/events/1063566,,£30.00,2026-10-04T17:25:00.292450
2026-10-16,2026-10-16T16:30:00+00:00,Hyperia City Prerelease (Sealed),Binderful,"12, Forth St, Newcastle upon Tyne, England, NE1 3NZ, GB",NE1 3NZ,8,N/A,,4h 16m,https://www.google.com/maps/dir/?api=1&origin=MK10%200BA&destination=12%2C%20Forth%20St%2C%20Newcastle%20upon%20Tyne%2C%20England%2C%20NE1%203NZ%2C%20GB,https://tcg.ravensburgerplay.com/events/932022,,£30.00,2026-10-01T19:23:21.374068
2026-10-16,2026-10-16T17:30:00+00:00,Hyperia City Prerelease (Sealed),Red October Games,"Main Rd, Stocksfield, England, NE43 7BW, GB",NE43 7BW,2,N/A,,4h 28m,https://www.google.com/maps/dir/?api=1&origin=MK10%200BA&destination=Main%20Rd%2C%20Stocksfield%2C%20England%2C%20NE43%207BW%2C%20GB,https://tcg.ravensburgerplay.com/events/948737,,£28.50,2026-10-01T18:21:06.798303
2026-10-16,2026-10-16T10:00:00+00:00,Hyperia City Prerelease (Pack Rush),Mad for Miniatures Ltd,"Market Hill, St Austell, England, PL25 5QB, GB",PL25 5QB,12,N/A,,5h 6m,https://www.google.com/maps/dir/?api=1&origin=MK10%200BA&destination=Market%20Hill%2C%20St%20Austell%2C%20England%2C%20PL25%205QB%2C%20GB,https://tcg.ravensburgerplay.com/events/968489,,£0.00,2026-10-01T18:20:34.843716
2026-10-16,2026-10-16T17:00:00+00:00,Hyperia City Prerelease (Sealed),Merchants' Guild,"50 Albion St, G1 1LH, Glasgow, Scotland, G1 1LH, GB",G1 1LH,0,N/A,,6h 24m,https://www.google.com/maps/dir/?api=1&origin=MK10%200BA&destination=50%20Albion%20St%2C%20G1%201LH%2C%20Glasgow%2C%20Scotland%2C%20G1%201LH%2C%20GB,https://tcg.ravensburgerplay.com/events/1000259,,£0.00,2026-10-01T18:21:07.256932
2026-10-16,2026-10-16T17:00:00+00:00,Hyperia City Prerelease (Sealed),Tokyotoys Glasgow,"27 Union Street, Tokyotoys, Glasgow, Scotland, G1 3RB, GB",G1 3RB,1,N/A,,6h 26m,https://www.google.com/maps/dir/?api=1&origin=MK10%200BA&destination=27%20Union%20Street%2C%20Tokyotoys%2C%20Glasgow%2C%20Scotland%2C%20G1%203RB%2C%20GB,https://tcg.ravensburgerplay.com/events/1055198,,£35.00,2026-10-03T20:08:47.327753
2026-10-16,2026-10-16T17:30:00+00:00,Hyperia City Prerelease (Sealed),Accent Gaming,"179, St Clair St, Kirkcaldy, Scotland, KY1 2BX, GB",KY1 2BX,13,N/A,,7h 5m,https://www.google.com/maps/dir/?api=1&origin=MK10%200BA&destination=179%2C%20St%20Clair%20St%2C%20Kirkcaldy%2C%20Scotland%2C%20KY1%202BX%2C%20GB,https://tcg.ravensburgerplay.com/events/941276,,£32.00,2026-10-01T19:23:37.274234
2026-10-16,2026-10-16T17:00:00+00:00,Hyperia City Prerelease (Sealed),Game District,"177, Union St, Aberdeen, Scotland, AB11 6BB, GB",AB11 6BB,0,N/A,,8h 51m,https://www.google.com/maps/dir/?api=1&origin=MK10%200BA&destination=177%2C%20Union%20St%2C%20Aberdeen%2C%20Scotland%2C%20AB11%206BB%2C%20GB,https://tcg.ravensburgerplay.com/events/1063561,,£30.00,2026-10-04T17:25:58.357448
2026-10-16,2026-10-16T17:30:00+00:00,Hyperia City Prerelease (Sealed),Northern Card Gaming,"142 Frances Street, Ards and North Down, Newtownards, Northern Ireland, BT23 7DY, GB",BT23 7DY,1,N/A,,9h 51m,https://www.google.com/maps/dir/?api=1&origin=MK10%200BA&destination=142%20Frances%20Street%2C%20Ards%20and%20North%20Down%2C%20Newtownards%2C%20Northern%20Ireland%2C%20BT23%207DY%2C%20GB,https://tcg.ravensburgerplay.com/events/1044428,,£35.00,2026-10-02T13:41:57.200872
2026-10-16,2026-10-16T18:00:00+00:00,Hyperia City Prerelease (Sealed),Replay Games,"97 High Street, Bangor, Northern Ireland, bt20 5bd, GB",BT20 5BD,1,N/A,,9h 58m,https://www.google.com/maps/dir/?api=1&origin=MK10%200BA&destination=97%20High%20Street%2C%20Bangor%2C%20Northern%20Ireland%2C%20bt20%205bd%2C%20GB,https://tcg.ravensburgerplay.com/events/1044456,,£35.00,2026-10-02T13:42:03.651689

2026-10-17,2026-10-17T09:00:00+00:00,Hyperia City Prerelease (Sealed),Calamity Comics hatfield,"Town Centre, TOWN CENTRE, HATFIELD, England, AL10 0JJ, GB",AL10 0JJ,11,N/A,,43m,https://www.google.com/maps/dir/?api=1&origin=MK10%200BA&destination=Town%20Centre%2C%20TOWN%20CENTRE%2C%20HATFIELD%2C%20England%2C%20AL10%200JJ%2C%20GB,https://tcg.ravensburgerplay.com/events/953755,,£35.00,2026-10-01T18:21:22.624066
2026-10-17,2026-10-17T13:30:00+00:00,Hyperia City Prerelease (Sealed),Geek Retreat Kettering,"10-12 High Street, Kettering, England, NN16 8ST, GB",NN16 8ST,5,N/A,,47m,https://www.google.com/maps/dir/?api=1&origin=MK10%200BA&destination=10-12%20High%20Street%2C%20Kettering%2C%20England%2C%20NN16%208ST%2C%20GB,https://tcg.ravensburgerplay.com/events/1054992,,£35.00,2026-10-03T17:06:41.746406
2026-10-17,2026-10-17T08:00:00+00:00,Hyperia City Prerelease (Sealed),TheHiveGaming,"Church Lane, CHURCH LANE, BANBURY,OXON, England, OX16 5LR, GB",OX16 5LR,0,N/A,,48m,https://www.google.com/maps/dir/?api=1&origin=MK10%200BA&destination=Church%20Lane%2C%20CHURCH%20LANE%2C%20BANBURY%2COXON%2C%20England%2C%20OX16%205LR%2C%20GB,https://tcg.ravensburgerplay.com/events/926751,,£35.00,2026-10-01T18:21:20.135866
2026-10-17,2026-10-17T12:00:00+00:00,Hyperia City Prerelease (Sealed),ReRoll Board Game Cafe,"34-36 Granby Street, Upper Floors, Leicester, England, LE1 1DE, GB",LE1 1DE,0,N/A,,1h 4m,https://www.google.com/maps/dir/?api=1&origin=MK10%200BA&destination=34-36%20Granby%20Street%2C%20Upper%20Floors%2C%20Leicester%2C%20England%2C%20LE1%201DE%2C%20GB,https://tcg.ravensburgerplay.com/events/936063,,£35.00,2026-10-01T18:21:34.648584
2026-10-17,2026-10-17T11:00:00+00:00,Hyperia City Prerelease (Sealed),CommuniTea Gaming,"Unit 16-17, Orton Gate Shopping Centre, Peterborough, England, PE2 5TD, GB",PE2 5TD,3,N/A,,1h 5m,https://www.google.com/maps/dir/?api=1&origin=MK10%200BA&destination=Unit%2016-17%2C%20Orton%20Gate%20Shopping%20Centre%2C%20Peterborough%2C%20England%2C%20PE2%205TD%2C%20GB,https://tcg.ravensburgerplay.com/events/938769,,£32.00,2026-10-01T18:21:30.162272
2026-10-17,2026-10-17T09:30:00+00:00,Hyperia City Prerelease (Sealed),Pixel and Block,"12 Town Square, Syston, Leicester LE7 1GZ, UK",LE7 1GZ,4,N/A,,1h 8m,https://www.google.com/maps/dir/?api=1&origin=MK10%200BA&destination=12%20Town%20Square%2C%20Syston%2C%20Leicester%20LE7%201GZ%2C%20UK,https://tcg.ravensburgerplay.com/events/953667,,£35.00,2026-10-01T18:21:23.593484
2026-10-17,2026-10-17T13:00:00+00:00,Hyperia City Prerelease (Sealed),Oxshed Cafe,"5 Ratcliffe Court, Oxshed Cafe, Wallingford, England, OX109QF, GB",OX109QF,1,N/A,,1h 17m,https://www.google.com/maps/dir/?api=1&origin=MK10%200BA&destination=5%20Ratcliffe%20Court%2C%20Oxshed%20Cafe%2C%20Wallingford%2C%20England%2C%20OX109QF%2C%20GB,https://tcg.ravensburgerplay.com/events/973877,,£34.99,2026-10-01T18:21:35.488931
2026-10-17,2026-10-17T17:00:00+00:00,Hyperia City Prerelease (Sealed),Oxshed Cafe,"5 Ratcliffe Court, Oxshed Cafe, Wallingford, England, OX109QF, GB",OX109QF,8,N/A,,1h 17m,https://www.google.com/maps/dir/?api=1&origin=MK10%200BA&destination=5%20Ratcliffe%20Court%2C%20Oxshed%20Cafe%2C%20Wallingford%2C%20England%2C%20OX109QF%2C%20GB,https://tcg.ravensburgerplay.com/events/973878,,£34.99,2026-10-01T18:21:37.422006
2026-10-17,2026-10-17T12:00:00+00:00,Hyperia City Prerelease (Sealed),Geek Retreat Birmingham,"18 Hall Street, Birmingham, England, B18 6BS, GB",B18 6BS,0,N/A,,1h 18m,https://www.google.com/maps/dir/?api=1&origin=MK10%200BA&destination=18%20Hall%20Street%2C%20Birmingham%2C%20England%2C%20B18%206BS%2C%20GB,https://tcg.ravensburgerplay.com/events/974398,,£30.00,2026-10-01T18:21:33.720453
2026-10-17,2026-10-17T09:30:00+00:00,Hyperia City Prerelease (Sealed),Eclectic Games,"21 Duke Street, Reading, RG1 4SA, GB",RG1 4SA,0,N/A,,1h 24m,https://www.google.com/maps/dir/?api=1&origin=MK10%200BA&destination=21%20Duke%20Street%2C%20Reading%2C%20RG1%204SA%2C%20GB,https://tcg.ravensburgerplay.com/events/929149,,£35.00,2026-10-01T18:21:24.013109
2026-10-17,2026-10-17T09:30:00+00:00,Hyperia City Prerelease (Sealed),Geek Retreat Chelmsford,"48 Townfield Street, Chelmsford, England, CM1 1AQ, GB",CM1 1AQ,0,N/A,,1h 24m,https://www.google.com/maps/dir/?api=1&origin=MK10%200BA&destination=48%20Townfield%20Street%2C%20Chelmsford%2C%20England%2C%20CM1%201AQ%2C%20GB,https://tcg.ravensburgerplay.com/events/926437,,£35.00,2026-10-01T18:21:25.781291
2026-10-17,2026-10-17T11:30:00+00:00,Hyperia City Prerelease (Sealed),The Brotherhood Games Ltd,"210-212 Southwark Park Rd., London, England, SE16 3RW, GB",SE16 3RW,0,N/A,,1h 28m,https://www.google.com/maps/dir/?api=1&origin=MK10%200BA&destination=210-212%20Southwark%20Park%20Rd.%2C%20London%2C%20England%2C%20SE16%203RW%2C%20GB,https://tcg.ravensburgerplay.com/events/1074630,,£125.00,2026-10-05T17:53:08.499885
2026-10-17,2026-10-17T12:00:00+00:00,Hyperia City Prerelease (Sealed),Lazy Panda Collectibles,"Walford Walk, Redditch, England, B97 4HJ, GB",B97 4HJ,9,N/A,,1h 29m,https://www.google.com/maps/dir/?api=1&origin=MK10%200BA&destination=Walford%20Walk%2C%20Redditch%2C%20England%2C%20B97%204HJ%2C%20GB,https://tcg.ravensburgerplay.com/events/926002,,£35.00,2026-10-01T18:21:34.167933
2026-10-17,2026-10-17T11:00:00+00:00,Hyperia City Prerelease (Sealed),Underworld Games,"The Litehouse Business Centre, The Cook Building, Crocus Street, Nottingham, Nottinghamshire, NG23EJ, GB",NG23EJ,1,N/A,,1h 31m,https://www.google.com/maps/dir/?api=1&origin=MK10%200BA&destination=The%20Litehouse%20Business%20Centre%2C%20The%20Cook%20Building%2C%20Crocus%20Street%2C%20Nottingham%2C%20Nottinghamshire%2C%20NG23EJ%2C%20GB,https://tcg.ravensburgerplay.com/events/1007202,,£35.00,2026-10-01T19:23:58.361350
2026-10-17,2026-10-17T11:00:00+00:00,Hyperia City Prerelease (Sealed),Gordian Knot Games Ltd,"Town Pier Square, Gravesend, England, DA11 0BJ, GB",DA11 0BJ,3,N/A,,1h 33m,https://www.google.com/maps/dir/?api=1&origin=MK10%200BA&destination=Town%20Pier%20Square%2C%20Gravesend%2C%20England%2C%20DA11%200BJ%2C%20GB,https://tcg.ravensburgerplay.com/events/1007577,,£0.00,2026-10-01T19:23:57.091767
2026-10-17,2026-10-17T10:00:00+00:00,Hyperia City Prerelease (Sealed),The Dice Cup,"68-70 Mansfield Road, Nottingham, England, NG1 3GY, GB",NG1 3GY,0,N/A,,1h 34m,https://www.google.com/maps/dir/?api=1&origin=MK10%200BA&destination=68-70%20Mansfield%20Road%2C%20Nottingham%2C%20England%2C%20NG1%203GY%2C%20GB,https://tcg.ravensburgerplay.com/events/1074765,,£30.00,2026-10-05T20:55:31.574980
2026-10-17,2026-10-17T11:00:00+00:00,Hyperia City Prerelease (Sealed),Pendulum Gaming,"2 Westgate, Grantham, England, NG31 6LT, GB",NG31 6LT,0,N/A,,1h 36m,https://www.google.com/maps/dir/?api=1&origin=MK10%200BA&destination=2%20Westgate%2C%20Grantham%2C%20England%2C%20NG31%206LT%2C%20GB,https://tcg.ravensburgerplay.com/events/1007342,,£35.00,2026-10-01T19:23:56.466398
2026-10-17,2026-10-17T15:00:00+00:00,Hyperia City Prerelease (Sealed),Trigon Games,"Unit 1&2, 58-64 Grove Rd ROCHESTER ME2 4BY UNITED KINGDOM",ME2 4BY,0,N/A,,1h 37m,https://www.google.com/maps/dir/?api=1&origin=MK10%200BA&destination=Unit%201%262%2C%2058-64%20Grove%20Rd%0AROCHESTER%0AME2%204BY%0AUNITED%20KINGDOM,https://tcg.ravensburgerplay.com/events/1034130,,£35.00,2026-10-01T18:21:35.979463
2026-10-17,2026-10-17T10:00:00+00:00,Hyperia City Prerelease (Pack Rush),Incom Gaming Ltd,"Church Street, Cheltenham, England, GL50 3HA, GB",GL50 3HA,3,N/A,,1h 42m,https://www.google.com/maps/dir/?api=1&origin=MK10%200BA&destination=Church%20Street%2C%20Cheltenham%2C%20England%2C%20GL50%203HA%2C%20GB,https://tcg.ravensburgerplay.com/events/938498,,£35.00,2026-10-01T18:20:36.011259
2026-10-17,2026-10-17T10:00:00+00:00,Hyperia City Prerelease (Sealed),PenguinTCG,"Mill St, Stafford ST16 2AJ, UK",ST16 2AJ,11,N/A,,1h 46m,https://www.google.com/maps/dir/?api=1&origin=MK10%200BA&destination=Mill%20St%2C%20Stafford%20ST16%202AJ%2C%20UK,https://tcg.ravensburgerplay.com/events/964292,,£35.00,2026-10-01T18:21:27.815852
2026-10-17,2026-10-17T09:00:00+00:00,Hyperia City Prerelease (Sealed),Dungeons & Dice,32 West St SITTINGBOURNE ME10 1AP UNITED KINGDOM,ME10 1AP,7,N/A,,1h 52m,https://www.google.com/maps/dir/?api=1&origin=MK10%200BA&destination=32%20West%20St%0ASITTINGBOURNE%0AME10%201AP%0AUNITED%20KINGDOM,https://tcg.ravensburgerplay.com/events/986673,,£35.00,2026-10-01T18:21:21.691371
2026-10-17,2026-10-17T16:00:00+00:00,Hyperia City Prerelease (Sealed),Geeks Headquarters,"3 High St, Chesterfield, England, S40 1PS, GB",S40 1PS,1,N/A,,1h 52m,https://www.google.com/maps/dir/?api=1&origin=MK10%200BA&destination=3%20High%20St%2C%20Chesterfield%2C%20England%2C%20S40%201PS%2C%20GB,https://tcg.ravensburgerplay.com/events/960434,,£35.00,2026-10-01T18:21:36.920997
2026-10-17,2026-10-17T11:30:00+00:00,Hyperia City Prerelease (Pack Rush),The Toy Moon Ltd t/a TMM Games,"5b New Rd, Chippenham SN15 1EL, UK",SN15 1EL,0,N/A,,1h 56m,https://www.google.com/maps/dir/?api=1&origin=MK10%200BA&destination=5b%20New%20Rd%2C%20Chippenham%20SN15%201EL%2C%20UK,https://tcg.ravensburgerplay.com/events/979923,,£30.00,2026-10-01T18:20:36.606489
2026-10-17,2026-10-17T15:00:00+00:00,Hyperia City Prerelease (Sealed),The Nerd Hut,"Buttermarket, Ipswich IP1 1BQ, UK",IP1 1BQ,1,N/A,,2h 6m,https://www.google.com/maps/dir/?api=1&origin=MK10%200BA&destination=Buttermarket%2C%20Ipswich%20IP1%201BQ%2C%20UK,https://tcg.ravensburgerplay.com/events/1024537,,£0.00,2026-10-01T18:21:36.478914
2026-10-17,2026-10-17T10:00:00+00:00,Hyperia City Prerelease (Sealed),Games Network,"100 Blatchington Road, hove, England, BN3 3YF, GB",BN3 3YF,0,N/A,,2h 7m,https://www.google.com/maps/dir/?api=1&origin=MK10%200BA&destination=100%20Blatchington%20Road%2C%20hove%2C%20England%2C%20BN3%203YF%2C%20GB,https://tcg.ravensburgerplay.com/events/926348,,£30.00,2026-10-01T18:21:26.994254
2026-10-17,2026-10-17T09:30:00+00:00,Hyperia City Prerelease (Sealed),Patriot Games Ltd,"97 Mary Street, Sheffield City Centre, England, S1 4RT, GB",S1 4RT,1,N/A,,2h 9m,https://www.google.com/maps/dir/?api=1&origin=MK10%200BA&destination=97%20Mary%20Street%2C%20Sheffield%20City%20Centre%2C%20England%2C%20S1%204RT%2C%20GB,https://tcg.ravensburgerplay.com/events/1015537,,£0.00,2026-10-01T18:21:24.920797
2026-10-17,2026-10-17T10:00:00+00:00,Hyperia City Prerelease (Sealed),Dice & Destiny,"79 Northgate, Canterbury, CT1 1BA, GB",CT1 1BA,0,N/A,,2h 11m,https://www.google.com/maps/dir/?api=1&origin=MK10%200BA&destination=79%20Northgate%2C%20Canterbury%2C%20CT1%201BA%2C%20GB,https://tcg.ravensburgerplay.com/events/941029,,£32.00,2026-10-01T18:21:26.594744
2026-10-17,2026-10-17T09:30:00+00:00,Hyperia City Prerelease (Sealed),New Realities Gaming Ltd,"28 Market Pl, Salisbury SP1 1TL, UK",SP1 1TL,3,N/A,,2h 14m,https://www.google.com/maps/dir/?api=1&origin=MK10%200BA&destination=28%20Market%20Pl%2C%20Salisbury%20SP1%201TL%2C%20UK,https://tcg.ravensburgerplay.com/events/953933,,£30.00,2026-10-01T18:21:26.169825
2026-10-17,2026-10-17T09:30:00+00:00,Hyperia City Prerelease (Sealed),Zatu Gaming Centre,"40 Barnard Road, Bowthorpe Employment Area, England, NR5 9JB, GB",NR5 9JB,0,N/A,,2h 17m,https://www.google.com/maps/dir/?api=1&origin=MK10%200BA&destination=40%20Barnard%20Road%2C%20Bowthorpe%20Employment%20Area%2C%20England%2C%20NR5%209JB%2C%20GB,https://tcg.ravensburgerplay.com/events/1044477,,£35.00,2026-10-02T13:42:10.634304
2026-10-17,2026-10-17T11:00:00+00:00,Hyperia City Prerelease (Sealed),The Card Corner,8 High Street SKEGNESS PE25 3NW UNITED KINGDOM,PE25 3NW,0,N/A,,2h 31m,https://www.google.com/maps/dir/?api=1&origin=MK10%200BA&destination=8%20High%20Street%0ASKEGNESS%0APE25%203NW%0AUNITED%20KINGDOM,https://tcg.ravensburgerplay.com/events/1054928,,£30.00,2026-10-03T17:06:34.674596
2026-10-17,2026-10-17T10:00:00+00:00,Hyperia City Prerelease (Sealed),Gotcha Geek,"7, Queen St, Deal, England, CT14 6ET, GB",CT14 6ET,0,N/A,,2h 32m,https://www.google.com/maps/dir/?api=1&origin=MK10%200BA&destination=7%2C%20Queen%20St%2C%20Deal%2C%20England%2C%20CT14%206ET%2C%20GB,https://tcg.ravensburgerplay.com/events/932252,,£30.00,2026-10-01T18:21:27.405950
2026-10-17,2026-10-17T09:00:00+00:00,Hyperia City Prerelease (Sealed),Galleon Games,"30 Saint Leonards Road, 30 St. Leonards Road, Bexhill, England, TN40 1HT, GB",TN40 1HT,0,N/A,,2h 33m,https://www.google.com/maps/dir/?api=1&origin=MK10%200BA&destination=30%20Saint%20Leonards%20Road%2C%2030%20St.%20Leonards%20Road%2C%20Bexhill%2C%20England%2C%20TN40%201HT%2C%20GB,https://tcg.ravensburgerplay.com/events/1034081,,£35.00,2026-10-01T18:21:23.147841
2026-10-17,2026-10-17T11:00:00+00:00,Hyperia City Prerelease (Sealed),Sussex Guildhall CIC,"Town Hall, Grove Rd EASTBOURNE BN21 4UG UNITED KINGDOM",BN21 4UG,0,N/A,,2h 33m,https://www.google.com/maps/dir/?api=1&origin=MK10%200BA&destination=Town%20Hall%2C%20Grove%20Rd%0AEASTBOURNE%0ABN21%204UG%0AUNITED%20KINGDOM,https://tcg.ravensburgerplay.com/events/992972,,£30.00,2026-10-01T18:21:29.672294
2026-10-17,2026-10-17T09:30:00+00:00,Hyperia City Prerelease (Sealed),Entoyment Hobby and Games Centre,"27-29 Harwell Road, Nuffield Industrial Estate, Poole, Dorset, BH17 0GE, GB",BH17 0GE,10,N/A,,2h 40m,https://www.google.com/maps/dir/?api=1&origin=MK10%200BA&destination=27-29%20Harwell%20Road%2C%20Nuffield%20Industrial%20Estate%2C%20Poole%2C%20Dorset%2C%20BH17%200GE%2C%20GB,https://tcg.ravensburgerplay.com/events/1024279,,£35.00,2026-10-01T18:21:24.442331
2026-10-17,2026-10-17T11:30:00+00:00,Hyperia City Prerelease (Sealed),Gemini Games,"16 High Street, Huddersfield, England, hd1 2le, GB",HD1 2LE,1,N/A,,2h 46m,https://www.google.com/maps/dir/?api=1&origin=MK10%200BA&destination=16%20High%20Street%2C%20Huddersfield%2C%20England%2C%20hd1%202le%2C%20GB,https://tcg.ravensburgerplay.com/events/1007332,,£35.00,2026-10-01T18:21:32.644862
2026-10-17,2026-10-17T11:00:00+00:00,Hyperia City Prerelease (Sealed),One Five One,"Corporation St, Bolton BL1 2AN, UK",BL1 2AN,0,N/A,,2h 57m,https://www.google.com/maps/dir/?api=1&origin=MK10%200BA&destination=Corporation%20St%2C%20Bolton%20BL1%202AN%2C%20UK,https://tcg.ravensburgerplay.com/events/1074546,,£30.00,2026-10-05T14:47:59.772170
2026-10-17,2026-10-17T11:00:00+00:00,Hyperia City Prerelease (Sealed),Side Quest Games,"35 Forest Hill, Yeovil, BA20 2PH, GB",BA20 2PH,0,N/A,,3h 0m,https://www.google.com/maps/dir/?api=1&origin=MK10%200BA&destination=35%20Forest%20Hill%2C%20Yeovil%2C%20BA20%202PH%2C%20GB,https://tcg.ravensburgerplay.com/events/968742,,£29.95,2026-10-01T18:21:29.273064
2026-10-17,2026-10-17T11:30:00+00:00,Hyperia City Prerelease (Sealed),The Gamers Lodge,"61 Kempston St, Liverpool, England, L3 8ET, GB",L3 8ET,24,N/A,,3h 0m,https://www.google.com/maps/dir/?api=1&origin=MK10%200BA&destination=61%20Kempston%20St%2C%20Liverpool%2C%20England%2C%20L3%208ET%2C%20GB,https://tcg.ravensburgerplay.com/events/929429,,£25.00,2026-10-01T18:21:31.988848
2026-10-17,2026-10-17T10:00:00+00:00,Hyperia City Prerelease (Sealed),Firestorm Games Cardiff,"Sloper Rd, Cardiff, Wales, CF11 8AB, GB",CF11 8AB,1,N/A,,3h 3m,https://www.google.com/maps/dir/?api=1&origin=MK10%200BA&destination=Sloper%20Rd%2C%20Cardiff%2C%20Wales%2C%20CF11%208AB%2C%20GB,https://tcg.ravensburgerplay.com/events/951025,,£33.00,2026-10-01T18:21:28.318835
2026-10-17,2026-10-17T11:30:00+00:00,Hyperia City Prerelease (Sealed),Fazpack Ltd,"13-17 All Hallows Road, Bispham, England, FY2 0AS, GB",FY2 0AS,12,N/A,,3h 32m,https://www.google.com/maps/dir/?api=1&origin=MK10%200BA&destination=13-17%20All%20Hallows%20Road%2C%20Bispham%2C%20England%2C%20FY2%200AS%2C%20GB,https://tcg.ravensburgerplay.com/events/943508,,£35.00,2026-10-01T18:21:31.449493
2026-10-17,2026-10-17T09:00:00+00:00,Hyperia City Prerelease (Sealed),Union County Games Ltd,"Union County Games, Vanguard House, Yeoford Way, Marsh Barton, Exeter EX2 8HL, UK",EX2 8HL,3,N/A,,3h 41m,https://www.google.com/maps/dir/?api=1&origin=MK10%200BA&destination=Union%20County%20Games%2C%20Vanguard%20House%2C%20Yeoford%20Way%2C%20Marsh%20Barton%2C%20Exeter%20EX2%208HL%2C%20UK,https://tcg.ravensburgerplay.com/events/974538,,£35.00,2026-10-01T18:21:22.176645
2026-10-17,2026-10-17T12:00:00+00:00,Hyperia City Prerelease (Sealed),Spike's Hideout,10 Victoria Rd SCARBOROUGH YO11 1SD UNITED KINGDOM,YO11 1SD,1,N/A,,3h 44m,https://www.google.com/maps/dir/?api=1&origin=MK10%200BA&destination=10%20Victoria%20Rd%0ASCARBOROUGH%0AYO11%201SD%0AUNITED%20KINGDOM,https://tcg.ravensburgerplay.com/events/938699,,£35.00,2026-10-01T18:21:33.163417
2026-10-17,2026-10-17T09:00:00+00:00,Hyperia City Prerelease (Sealed),Porqué Cards,"John St, Sunniside SUNDERLAND SR1 1DX UNITED KINGDOM",SR1 1DX,2,N/A,,4h 9m,https://www.google.com/maps/dir/?api=1&origin=MK10%200BA&destination=John%20St%2C%20Sunniside%0ASUNDERLAND%0ASR1%201DX%0AUNITED%20KINGDOM,https://tcg.ravensburgerplay.com/events/954028,,£27.50,2026-10-01T18:21:20.965165
2026-10-17,2026-10-17T09:30:00+00:00,Hyperia City Prerelease (Sealed),Bay Games ltd,"78 - 84 park view, Whitley Bay, NE26 2TH, GB",NE26 2TH,0,N/A,,4h 26m,https://www.google.com/maps/dir/?api=1&origin=MK10%200BA&destination=78%20-%2084%20park%20view%2C%20Whitley%20Bay%2C%20NE26%202TH%2C%20GB,https://tcg.ravensburgerplay.com/events/960383,,£0.00,2026-10-01T18:21:25.340135
2026-10-17,2026-10-17T17:00:00+00:00,Hyperia City Prerelease (Sealed),The magic chest ltd,"67 English St, Carlisle CA3 8JU, UK",CA3 8JU,7,N/A,,4h 42m,https://www.google.com/maps/dir/?api=1&origin=MK10%200BA&destination=67%20English%20St%2C%20Carlisle%20CA3%208JU%2C%20UK,https://tcg.ravensburgerplay.com/events/921395,,£35.00,2026-10-01T19:24:08.508034
2026-10-17,2026-10-17T10:30:00+00:00,Hyperia City Prerelease (Sealed),Mad for Miniatures Ltd,"Market Hill, St Austell, England, PL25 5QB, GB",PL25 5QB,10,N/A,,5h 6m,https://www.google.com/maps/dir/?api=1&origin=MK10%200BA&destination=Market%20Hill%2C%20St%20Austell%2C%20England%2C%20PL25%205QB%2C%20GB,https://tcg.ravensburgerplay.com/events/968486,,£35.00,2026-10-01T18:21:28.746331
2026-10-17,2026-10-17T11:00:00+00:00,Hyperia City Prerelease (Sealed),Tokyotoys Glasgow,"27 Union Street, Tokyotoys, Glasgow, Scotland, G1 3RB, GB",G1 3RB,1,N/A,,6h 26m,https://www.google.com/maps/dir/?api=1&origin=MK10%200BA&destination=27%20Union%20Street%2C%20Tokyotoys%2C%20Glasgow%2C%20Scotland%2C%20G1%203RB%2C%20GB,https://tcg.ravensburgerplay.com/events/1055200,,£35.00,2026-10-03T20:09:18.322204
2026-10-17,2026-10-17T11:00:00+00:00,Hyperia City Prerelease (Sealed),DOMINION,"135 Main Street, South Ayrshire, Scotland, KA8 8BX, GB",KA8 8BX,0,N/A,,6h 42m,https://www.google.com/maps/dir/?api=1&origin=MK10%200BA&destination=135%20Main%20Street%2C%20South%20Ayrshire%2C%20Scotland%2C%20KA8%208BX%2C%20GB,https://tcg.ravensburgerplay.com/events/973901,,£30.00,2026-10-01T18:21:30.623995
2026-10-17,2026-10-17T16:00:00+00:00,Hyperia City Prerelease (Sealed),Yellow Coloured Cafe,"10 Unwin Ave, Rosyth DUNFERMLINE KY11 2ZQ UNITED KINGDOM",KY11 2ZQ,9,N/A,,6h 51m,https://www.google.com/maps/dir/?api=1&origin=MK10%200BA&destination=10%20Unwin%20Ave%2C%20Rosyth%0ADUNFERMLINE%0AKY11%202ZQ%0AUNITED%20KINGDOM,https://tcg.ravensburgerplay.com/events/940965,,£29.95,2026-10-01T19:24:06.443567
2026-10-17,2026-10-17T12:00:00+00:00,Hyperia City Prerelease (Sealed),Bus Stop Toy Shop Ltd,"23 Irvine Rd, Largs, Scotland, KA30 8HR, GB",KA30 8HR,0,N/A,,7h 1m,https://www.google.com/maps/dir/?api=1&origin=MK10%200BA&destination=23%20Irvine%20Rd%2C%20Largs%2C%20Scotland%2C%20KA30%208HR%2C%20GB,https://tcg.ravensburgerplay.com/events/1007414,,£0.00,2026-10-01T18:21:35.065456
2026-10-17,2026-10-17T09:00:00+00:00,Hyperia City Prerelease (Sealed),Púca Púca,"Unit 9a, Richmond Centre, Ferryquay Street, Derry, BT48 6PE, GB",BT48 6PE,0,N/A,,10h 49m,https://www.google.com/maps/dir/?api=1&origin=MK10%200BA&destination=Unit%209a%2C%20Richmond%20Centre%2C%20Ferryquay%20Street%2C%20Derry%2C%20BT48%206PE%2C%20GB,https://tcg.ravensburgerplay.com/events/939248,,£8.00,2026-10-01T18:21:20.527943
2026-10-17,2026-10-17T17:30:00+00:00,Hyperia City Prerelease (Sealed),Wargames Workshop MK,"18 Winchester Circle, Milton Keynes, Milton Keynes, England, MK10 0BA, GB",MK10 0BA,3,N/A,,0m,https://www.google.com/maps/dir/?api=1&origin=MK10%200BA&destination=18%20Winchester%20Circle%2C%20Milton%20Keynes%2C%20Milton%20Keynes%2C%20England%2C%20MK10%200BA%2C%20GB,https://tcg.ravensburgerplay.com/events/1024831,,£35.00,2026-10-01T18:21:37.899376

2026-10-18,2026-10-18T12:00:00+00:00,Hyperia City Prerelease (Sealed),Kingdom Gaming,"7 The Ridings, Northampton, England, NN12BA, GB",NN12BA,0,N/A,,25m,https://www.google.com/maps/dir/?api=1&origin=MK10%200BA&destination=7%20The%20Ridings%2C%20Northampton%2C%20England%2C%20NN12BA%2C%20GB,https://tcg.ravensburgerplay.com/events/1007330,,£35.00,2026-10-01T18:21:50.321883
2026-10-18,2026-10-18T10:15:00+00:00,Hyperia City Prerelease (Sealed),Deck Yeah! Gaming,"Park Place Plaza, Stevenage, England, SG1 1BF, GB",SG1 1BF,0,N/A,,44m,https://www.google.com/maps/dir/?api=1&origin=MK10%200BA&destination=Park%20Place%20Plaza%2C%20Stevenage%2C%20England%2C%20SG1%201BF%2C%20GB,https://tcg.ravensburgerplay.com/events/1034612,,£35.00,2026-10-01T18:21:45.701476
2026-10-18,2026-10-18T11:00:00+00:00,Hyperia City Prerelease (Sealed),Zombie Games Cafe,"15 Cricklewood Broadway, London, England, NW2 3JX, GB",NW2 3JX,0,N/A,,52m,https://www.google.com/maps/dir/?api=1&origin=MK10%200BA&destination=15%20Cricklewood%20Broadway%2C%20London%2C%20England%2C%20NW2%203JX%2C%20GB,https://tcg.ravensburgerplay.com/events/1063449,,£0.00,2026-10-04T14:24:09.837990
2026-10-18,2026-10-18T09:30:00+00:00,Hyperia City Prerelease (Sealed),Sip & Conquer,120 High St MAIDENHEAD SL6 1PT UNITED KINGDOM,SL6 1PT,0,N/A,,1h 8m,https://www.google.com/maps/dir/?api=1&origin=MK10%200BA&destination=120%20High%20St%0AMAIDENHEAD%0ASL6%201PT%0AUNITED%20KINGDOM,https://tcg.ravensburgerplay.com/events/923494,,£40.00,2026-10-01T18:21:40.269896
2026-10-18,2026-10-18T12:00:00+00:00,Hyperia City Prerelease (Sealed),GlobalGaming Arena,"City Center, 15 Shaw's Passage, West Midlands, England, B5 5JG, GB",B5 5JG,11,N/A,,1h 21m,https://www.google.com/maps/dir/?api=1&origin=MK10%200BA&destination=City%20Center%2C%2015%20Shaw%27s%20Passage%2C%20West%20Midlands%2C%20England%2C%20B5%205JG%2C%20GB,https://tcg.ravensburgerplay.com/events/916741,,£5.00,2026-10-01T18:21:53.421296
2026-10-18,2026-10-18T09:00:00+00:00,Hyperia City Prerelease (Sealed),Elemental Cards,"Heathlands Rd, Wokingham, England, RG40 3AW, GB",RG40 3AW,24,N/A,,1h 22m,https://www.google.com/maps/dir/?api=1&origin=MK10%200BA&destination=Heathlands%20Rd%2C%20Wokingham%2C%20England%2C%20RG40%203AW%2C%20GB,https://tcg.ravensburgerplay.com/events/974309,,£35.00,2026-10-01T18:21:38.869854
2026-10-18,2026-10-18T09:00:00+00:00,Hyperia City Prerelease (Pack Rush),Black Dragon Games Ltd,"17 Burton Street, Melton Mowbray, England, le13 1ae, GB",LE13 1AE,0,N/A,,1h 23m,https://www.google.com/maps/dir/?api=1&origin=MK10%200BA&destination=17%20Burton%20Street%2C%20Melton%20Mowbray%2C%20England%2C%20le13%201ae%2C%20GB,https://tcg.ravensburgerplay.com/events/926830,,£34.99,2026-10-01T18:20:37.356483
2026-10-18,2026-10-18T10:30:00+00:00,Hyperia City Prerelease (Sealed),Manaforge Games,"5, Babington Ln, Derby, England, DE1 1SU, GB",DE1 1SU,8,N/A,,1h 31m,https://www.google.com/maps/dir/?api=1&origin=MK10%200BA&destination=5%2C%20Babington%20Ln%2C%20Derby%2C%20England%2C%20DE1%201SU%2C%20GB,https://tcg.ravensburgerplay.com/events/960474,,£22.50,2026-10-01T18:21:46.978414
2026-10-18,2026-10-18T12:00:00+00:00,Hyperia City Prerelease (Sealed),Geek Retreat Dudley,"195 High Street, Dudley, West Midlands, DY1 1QE, GB",DY1 1QE,0,N/A,,1h 32m,https://www.google.com/maps/dir/?api=1&origin=MK10%200BA&destination=195%20High%20Street%2C%20Dudley%2C%20West%20Midlands%2C%20DY1%201QE%2C%20GB,https://tcg.ravensburgerplay.com/events/1000187,,£35.00,2026-10-01T18:21:52.997410
2026-10-18,2026-10-18T10:00:00+00:00,Hyperia City Prerelease (Sealed),Kushti Comics,"RG21 7LN, Basingstoke RG22 7LN, UK BASINGSTOKE, HAMPSHIRE RG217LS UNITED KINGDOM",RG21 7LN,10,N/A,,1h 33m,https://www.google.com/maps/dir/?api=1&origin=MK10%200BA&destination=RG21%207LN%2C%20Basingstoke%20RG22%207LN%2C%20UK%0ABASINGSTOKE%2C%20HAMPSHIRE%0ARG217LS%0AUNITED%20KINGDOM,https://tcg.ravensburgerplay.com/events/979910,,£29.99,2026-10-01T18:21:40.699547
2026-10-18,2026-10-18T16:30:00+00:00,Hyperia City Prerelease (Sealed),The Other Games,"Blue Post House, 128, Newland St, Witham, England, CM8 1BA, GB",CM8 1BA,13,N/A,,1h 33m,https://www.google.com/maps/dir/?api=1&origin=MK10%200BA&destination=Blue%20Post%20House%2C%20128%2C%20Newland%20St%2C%20Witham%2C%20England%2C%20CM8%201BA%2C%20GB,https://tcg.ravensburgerplay.com/events/941282,,£35.00,2026-10-01T18:21:54.409639
2026-10-18,2026-10-18T15:00:00+00:00,Hyperia City Prerelease (Sealed),Trigon Games,"Unit 1&2, 58-64 Grove Rd ROCHESTER ME2 4BY UNITED KINGDOM",ME2 4BY,2,N/A,,1h 37m,https://www.google.com/maps/dir/?api=1&origin=MK10%200BA&destination=Unit%201%262%2C%2058-64%20Grove%20Rd%0AROCHESTER%0AME2%204BY%0AUNITED%20KINGDOM,https://tcg.ravensburgerplay.com/events/1034129,,£35.00,2026-10-01T18:21:06.206306
2026-10-18,2026-10-18T11:30:00+00:00,Hyperia City Prerelease (Sealed),Top Dog Gaming,"Kinver Street, Shop 3, Wordsley, England, DY8 5AA, GB",DY8 5AA,6,N/A,,1h 40m,https://www.google.com/maps/dir/?api=1&origin=MK10%200BA&destination=Kinver%20Street%2C%20Shop%203%2C%20Wordsley%2C%20England%2C%20DY8%205AA%2C%20GB,https://tcg.ravensburgerplay.com/events/945723,,£35.00,2026-10-01T18:21:48.811768
2026-10-18,2026-10-18T11:30:00+00:00,Hyperia City Prerelease (Sealed),Game Knights,"11 Sidmouth St, Devizes, England, SN10 1LD, GB",SN10 1LD,3,N/A,,2h 2m,https://www.google.com/maps/dir/?api=1&origin=MK10%200BA&destination=11%20Sidmouth%20St%2C%20Devizes%2C%20England%2C%20SN10%201LD%2C%20GB,https://tcg.ravensburgerplay.com/events/943386,,£35.00,2026-10-01T18:21:49.285447
2026-10-18,2026-10-18T12:00:00+00:00,Hyperia City Prerelease (Sealed),Forge and Finds,"36, Lloyds Ave, Ipswich, England, IP1 3HD, GB",IP1 3HD,5,N/A,,2h 5m,https://www.google.com/maps/dir/?api=1&origin=MK10%200BA&destination=36%2C%20Lloyds%20Ave%2C%20Ipswich%2C%20England%2C%20IP1%203HD%2C%20GB,https://tcg.ravensburgerplay.com/events/986116,,£35.00,2026-10-01T18:21:52.493122
2026-10-18,2026-10-18T10:30:00+00:00,Hyperia City Prerelease (Sealed),The Consulting Gamer,"2 Chapel Mews, Ashford , England, TN24 8JN, GB",TN24 8JN,0,N/A,,2h 6m,https://www.google.com/maps/dir/?api=1&origin=MK10%200BA&destination=2%20Chapel%20Mews%2C%20Ashford%20%2C%20England%2C%20TN24%208JN%2C%20GB,https://tcg.ravensburgerplay.com/events/954319,,£30.00,2026-10-01T18:21:46.147613
2026-10-18,2026-10-18T10:00:00+00:00,Hyperia City Prerelease (Pack Rush),Funky Frog,"15, Orwell Pl, Ipswich, England, IP4 1BD, GB",IP4 1BD,0,N/A,,2h 7m,https://www.google.com/maps/dir/?api=1&origin=MK10%200BA&destination=15%2C%20Orwell%20Pl%2C%20Ipswich%2C%20England%2C%20IP4%201BD%2C%20GB,https://tcg.ravensburgerplay.com/events/1044886,,£0.00,2026-10-02T19:50:00.972888
2026-10-18,2026-10-18T10:00:00+00:00,Hyperia City Prerelease (Sealed),Dice & Destiny,"79 Northgate, Canterbury, CT1 1BA, GB",CT1 1BA,2,N/A,,2h 11m,https://www.google.com/maps/dir/?api=1&origin=MK10%200BA&destination=79%20Northgate%2C%20Canterbury%2C%20CT1%201BA%2C%20GB,https://tcg.ravensburgerplay.com/events/951118,,£32.00,2026-10-01T18:21:44.411665
2026-10-18,2026-10-18T10:30:00+00:00,Hyperia City Prerelease (Sealed),We Love Collectibles,"Westwood Industrial Estate, Strasbourg St, Westwood, England, CT9 4JJ, GB",CT9 4JJ,6,N/A,,2h 28m,https://www.google.com/maps/dir/?api=1&origin=MK10%200BA&destination=Westwood%20Industrial%20Estate%2C%20Strasbourg%20St%2C%20Westwood%2C%20England%2C%20CT9%204JJ%2C%20GB,https://tcg.ravensburgerplay.com/events/926309,,£30.00,2026-10-01T18:21:46.540973
2026-10-18,2026-10-18T14:00:00+00:00,Hyperia City Prerelease (Sealed),The Card Corner,8 High Street SKEGNESS PE25 3NW UNITED KINGDOM,PE25 3NW,0,N/A,,2h 31m,https://www.google.com/maps/dir/?api=1&origin=MK10%200BA&destination=8%20High%20Street%0ASKEGNESS%0APE25%203NW%0AUNITED%20KINGDOM,https://tcg.ravensburgerplay.com/events/1054929,,£30.00,2026-10-03T17:07:10.796694
2026-10-18,2026-10-18T11:00:00+00:00,Hyperia City Prerelease (Sealed),Sussex Guildhall CIC,"Town Hall, Grove Rd EASTBOURNE BN21 4UG UNITED KINGDOM",BN21 4UG,0,N/A,,2h 33m,https://www.google.com/maps/dir/?api=1&origin=MK10%200BA&destination=Town%20Hall%2C%20Grove%20Rd%0AEASTBOURNE%0ABN21%204UG%0AUNITED%20KINGDOM,https://tcg.ravensburgerplay.com/events/992977,,£30.00,2026-10-01T18:21:47.458451
2026-10-18,2026-10-18T09:00:00+00:00,Hyperia City Prerelease (Sealed),Toreka,8 The Downs ALTRINCHAM WA14 2PU UNITED KINGDOM,WA14 2PU,4,N/A,,2h 34m,https://www.google.com/maps/dir/?api=1&origin=MK10%200BA&destination=8%20The%20Downs%0AALTRINCHAM%0AWA14%202PU%0AUNITED%20KINGDOM,https://tcg.ravensburgerplay.com/events/948435,,£35.00,2026-10-01T18:21:38.387334
2026-10-18,2026-10-18T13:30:00+00:00,Hyperia City Prerelease (Sealed),Change The Game,"102 Seaside Rd, Eastbourne BN21 3PF, UK",BN21 3PF,0,N/A,,2h 34m,https://www.google.com/maps/dir/?api=1&origin=MK10%200BA&destination=102%20Seaside%20Rd%2C%20Eastbourne%20BN21%203PF%2C%20UK,https://tcg.ravensburgerplay.com/events/1064140,,£30.00,2026-10-04T23:34:19.943617
2026-10-18,2026-10-18T10:00:00+00:00,Hyperia City Prerelease (Sealed),Travelling Man Leeds,"32 Central Road, Leeds, England, ls1 6de, GB",LS1 6DE,3,N/A,,2h 42m,https://www.google.com/maps/dir/?api=1&origin=MK10%200BA&destination=32%20Central%20Road%2C%20Leeds%2C%20England%2C%20ls1%206de%2C%20GB,https://tcg.ravensburgerplay.com/events/951159,,£34.99,2026-10-01T18:21:42.685207
2026-10-18,2026-10-18T11:00:00+00:00,Hyperia City Prerelease (Sealed),Jester Games Store,"35 King St E, 35 King Street East, Stockport, England, SK1 1XJ, GB",SK1 1XJ,3,N/A,,2h 44m,https://www.google.com/maps/dir/?api=1&origin=MK10%200BA&destination=35%20King%20St%20E%2C%2035%20King%20Street%20East%2C%20Stockport%2C%20England%2C%20SK1%201XJ%2C%20GB,https://tcg.ravensburgerplay.com/events/992934,,£30.00,2026-10-01T18:21:47.863942
2026-10-18,2026-10-18T10:00:00+00:00,Hyperia City Prerelease (Sealed),Duke's Gaming,"135 Osborne Road, Pontypool, Wales, NP4 6LT, GB",NP4 6LT,0,N/A,,2h 48m,https://www.google.com/maps/dir/?api=1&origin=MK10%200BA&destination=135%20Osborne%20Road%2C%20Pontypool%2C%20Wales%2C%20NP4%206LT%2C%20GB,https://tcg.ravensburgerplay.com/events/915555,,£35.00,2026-10-01T18:21:45.274124
2026-10-18,2026-10-18T10:00:00+00:00,Hyperia City Prerelease (Sealed),Geek Retreat Chester,"Chester Retail Park, 5B, Old Seals Way, Chester, England, CH1 4RY, GB",CH1 4RY,6,N/A,,2h 51m,https://www.google.com/maps/dir/?api=1&origin=MK10%200BA&destination=Chester%20Retail%20Park%2C%205B%2C%20Old%20Seals%20Way%2C%20Chester%2C%20England%2C%20CH1%204RY%2C%20GB,https://tcg.ravensburgerplay.com/events/973884,,£35.00,2026-10-01T18:21:41.717434
2026-10-18,2026-10-18T11:00:00+00:00,Hyperia City Prerelease (Sealed),Fan Boy Three,"25 Hilton Street, Greater Manchester, England, M1 1EL, GB",M1 1EL,0,N/A,,2h 54m,https://www.google.com/maps/dir/?api=1&origin=MK10%200BA&destination=25%20Hilton%20Street%2C%20Greater%20Manchester%2C%20England%2C%20M1%201EL%2C%20GB,https://tcg.ravensburgerplay.com/events/915414,,£35.00,2026-10-01T18:21:48.302678
2026-10-18,2026-10-18T10:00:00+00:00,Hyperia City Prerelease (Sealed),Archeron Games,"65 George Street, Kingston upon Hull, England, HU1 3BA, GB",HU1 3BA,4,N/A,,2h 55m,https://www.google.com/maps/dir/?api=1&origin=MK10%200BA&destination=65%20George%20Street%2C%20Kingston%20upon%20Hull%2C%20England%2C%20HU1%203BA%2C%20GB,https://tcg.ravensburgerplay.com/events/915285,,£0.00,2026-10-01T18:21:44.824110
2026-10-18,2026-10-18T10:00:00+00:00,Hyperia City Prerelease (Sealed),Rules of Play,"29 Castle Arcade, Cardiff, Wales, CF10 1BW, GB",CF10 1BW,0,N/A,,2h 58m,https://www.google.com/maps/dir/?api=1&origin=MK10%200BA&destination=29%20Castle%20Arcade%2C%20Cardiff%2C%20Wales%2C%20CF10%201BW%2C%20GB,https://tcg.ravensburgerplay.com/events/923528,,£40.00,2026-10-01T18:21:44.000657
2026-10-18,2026-10-18T09:30:00+00:00,Hyperia City Prerelease (Sealed),Bridge Troll Boardgame Café,"10A Angel Hill, Tiverton, England, ex16 6pe, GB",EX16 6PE,8,N/A,,3h 27m,https://www.google.com/maps/dir/?api=1&origin=MK10%200BA&destination=10A%20Angel%20Hill%2C%20Tiverton%2C%20England%2C%20ex16%206pe%2C%20GB,https://tcg.ravensburgerplay.com/events/993268,,£25.00,2026-10-01T18:21:39.741611
2026-10-18,2026-10-18T12:00:00+00:00,Hyperia City Prerelease (Sealed),Total Cards,6 Maple Way STORE ERROR DL5 6BF UNITED KINGDOM,DL5 6BF,0,N/A,,3h 40m,https://www.google.com/maps/dir/?api=1&origin=MK10%200BA&destination=6%20Maple%20Way%0ASTORE%20ERROR%0ADL5%206BF%0AUNITED%20KINGDOM,https://tcg.ravensburgerplay.com/events/932050,,£19.95,2026-10-01T18:21:51.197962
2026-10-18,2026-10-18T12:00:00+00:00,Hyperia City Prerelease (Sealed),Level 1 Games,"123, Exeter Rd, Exmouth, England, EX8 1QE, GB",EX8 1QE,0,N/A,,3h 48m,https://www.google.com/maps/dir/?api=1&origin=MK10%200BA&destination=123%2C%20Exeter%20Rd%2C%20Exmouth%2C%20England%2C%20EX8%201QE%2C%20GB,https://tcg.ravensburgerplay.com/events/1055054,,£35.00,2026-10-03T17:07:08.911130
2026-10-18,2026-10-18T12:00:00+00:00,Hyperia City Prerelease (Sealed),Binderful,"12, Forth St, Newcastle upon Tyne, England, NE1 3NZ, GB",NE1 3NZ,6,N/A,,4h 16m,https://www.google.com/maps/dir/?api=1&origin=MK10%200BA&destination=12%2C%20Forth%20St%2C%20Newcastle%20upon%20Tyne%2C%20England%2C%20NE1%203NZ%2C%20GB,https://tcg.ravensburgerplay.com/events/923674,,£30.00,2026-10-01T18:21:51.593625
2026-10-18,2026-10-18T10:00:00+00:00,Hyperia City Prerelease (Sealed),Red October Games,"Main Rd, Stocksfield, England, NE43 7BW, GB",NE43 7BW,0,N/A,,4h 28m,https://www.google.com/maps/dir/?api=1&origin=MK10%200BA&destination=Main%20Rd%2C%20Stocksfield%2C%20England%2C%20NE43%207BW%2C%20GB,https://tcg.ravensburgerplay.com/events/948766,,£28.50,2026-10-01T18:21:41.219718
2026-10-18,2026-10-18T10:00:00+00:00,Hyperia City Prerelease (Sealed),Red October Games,"Main Rd, Stocksfield, England, NE43 7BW, GB",NE43 7BW,0,N/A,,4h 28m,https://www.google.com/maps/dir/?api=1&origin=MK10%200BA&destination=Main%20Rd%2C%20Stocksfield%2C%20England%2C%20NE43%207BW%2C%20GB,https://tcg.ravensburgerplay.com/events/948784,,£22.50,2026-10-01T18:21:43.151132
2026-10-18,2026-10-18T15:00:00+00:00,Hyperia City Prerelease (Sealed),AJ-TCG Carlisle,3 Earls Lane CARLISLE CA38DG UNITED KINGDOM,CA38DG,1,N/A,,4h 41m,https://www.google.com/maps/dir/?api=1&origin=MK10%200BA&destination=3%20Earls%20Lane%0ACARLISLE%0ACA38DG%0AUNITED%20KINGDOM,https://tcg.ravensburgerplay.com/events/931973,,£30.00,2026-10-01T18:21:53.936397
2026-10-18,2026-10-18T10:00:00+00:00,Hyperia City Prerelease (Sealed),Happy Piranha / Piranha Cafe,"18, Pydar St, Truro, England, TR1 2AY, GB",TR1 2AY,4,N/A,,5h 16m,https://www.google.com/maps/dir/?api=1&origin=MK10%200BA&destination=18%2C%20Pydar%20St%2C%20Truro%2C%20England%2C%20TR1%202AY%2C%20GB,https://tcg.ravensburgerplay.com/events/923490,,£33.95,2026-10-01T18:21:43.555495
2026-10-18,2026-10-18T12:00:00+00:00,Hyperia City Prerelease (Sealed),Roll The Dice Cornwall C.I.C.,"8 Coinagehall St, Helston, England, TR13 8EB, GB",TR13 8EB,4,N/A,,5h 40m,https://www.google.com/maps/dir/?api=1&origin=MK10%200BA&destination=8%20Coinagehall%20St%2C%20Helston%2C%20England%2C%20TR13%208EB%2C%20GB,https://tcg.ravensburgerplay.com/events/923601,,£30.00,2026-10-01T18:21:50.743266
2026-10-18,2026-10-18T11:30:00+00:00,Hyperia City Prerelease (Pack Rush),Vlad's Emporium,"278 St Vincent St, Glasgow G2 5RL, UK",G2 5RL,0,N/A,,6h 24m,https://www.google.com/maps/dir/?api=1&origin=MK10%200BA&destination=278%20St%20Vincent%20St%2C%20Glasgow%20G2%205RL%2C%20UK,https://tcg.ravensburgerplay.com/events/954179,,£35.00,2026-10-01T18:20:37.903363
2026-10-18,2026-10-18T10:00:00+00:00,Hyperia City Prerelease (Sealed),Nerdvana Livingston,"Unit 11 Grampian Court, Beveridge Square, Dedridge, Livingston, Scotland, EH54 6QF, GB",EH54 6QF,17,N/A,,6h 26m,https://www.google.com/maps/dir/?api=1&origin=MK10%200BA&destination=Unit%2011%20Grampian%20Court%2C%20Beveridge%20Square%2C%20Dedridge%2C%20Livingston%2C%20Scotland%2C%20EH54%206QF%2C%20GB,https://tcg.ravensburgerplay.com/events/986344,,£28.00,2026-10-01T18:21:42.159825
2026-10-18,2026-10-18T12:00:00+00:00,Hyperia City Prerelease (Sealed),RNG GAMES,"45 Old Sneddon Street, Paisley, Scotland, pa3 2an, GB",PA3 2AN,1,N/A,,6h 30m,https://www.google.com/maps/dir/?api=1&origin=MK10%200BA&destination=45%20Old%20Sneddon%20Street%2C%20Paisley%2C%20Scotland%2C%20pa3%202an%2C%20GB,https://tcg.ravensburgerplay.com/events/1024598,,£35.00,2026-10-01T18:21:52.062232
2026-10-18,2026-10-18T10:00:00+00:00,Hyperia City Prerelease (Sealed),Knightly Gaming,"2-6 Hopetoun Street, Bathgate, Scotland, EH48 4EU, GB",EH48 4EU,10,N/A,,6h 31m,https://www.google.com/maps/dir/?api=1&origin=MK10%200BA&destination=2-6%20Hopetoun%20Street%2C%20Bathgate%2C%20Scotland%2C%20EH48%204EU%2C%20GB,https://tcg.ravensburgerplay.com/events/1063490,,£25.00,2026-10-04T14:24:03.399002
2026-10-18,2026-10-18T11:30:00+00:00,Hyperia City Prerelease (Sealed),Robins Hobby Cafe,"9, Queens Rd, Belfast, Northern Ireland, BT3 9DT, GB",BT3 9DT,2,N/A,,9h 38m,https://www.google.com/maps/dir/?api=1&origin=MK10%200BA&destination=9%2C%20Queens%20Rd%2C%20Belfast%2C%20Northern%20Ireland%2C%20BT3%209DT%2C%20GB,https://tcg.ravensburgerplay.com/events/968803,,£33.50,2026-10-01T18:21:49.738545

2026-10-19,2026-10-19T17:30:00+00:00,Hyperia City Prerelease (Sealed),Impact League TCG,"16 Waterborne Walk, Leighton Buzzard LU7 1DH, UK",LU7 1DH,13,N/A,,16m,https://www.google.com/maps/dir/?api=1&origin=MK10%200BA&destination=16%20Waterborne%20Walk%2C%20Leighton%20Buzzard%20LU7%201DH%2C%20UK,https://tcg.ravensburgerplay.com/events/1044365,,£34.99,2026-10-02T13:42:58.333656
2026-10-19,2026-10-19T16:00:00+00:00,Hyperia City Prerelease (Pack Rush),Pixel and Block,"12 Town Square, Syston, Leicester LE7 1GZ, UK",LE7 1GZ,0,N/A,,1h 8m,https://www.google.com/maps/dir/?api=1&origin=MK10%200BA&destination=12%20Town%20Square%2C%20Syston%2C%20Leicester%20LE7%201GZ%2C%20UK,https://tcg.ravensburgerplay.com/events/953664,,£15.00,2026-10-01T18:20:38.418974
2026-10-19,2026-10-19T17:30:00+00:00,Hyperia City Prerelease (Sealed),Game Guru (Touchwood Solihull),"Unit SU52, Touchwood Shopping Centre, 25 Jubilee Walk SOLIHULL B91 3HT UNITED KINGDOM",B91 3HT,21,N/A,,1h 15m,https://www.google.com/maps/dir/?api=1&origin=MK10%200BA&destination=Unit%20SU52%2C%20Touchwood%20Shopping%20Centre%2C%2025%20Jubilee%20Walk%0ASOLIHULL%0AB91%203HT%0AUNITED%20KINGDOM,https://tcg.ravensburgerplay.com/events/948418,,£35.00,2026-10-01T18:21:56.345530
2026-10-19,2026-10-19T17:30:00+00:00,Hyperia City Prerelease (Sealed),The Games Store,"10 Stonebow Centre, Lincoln, England, LN2 1DY, GB",LN2 1DY,0,N/A,,2h 0m,https://www.google.com/maps/dir/?api=1&origin=MK10%200BA&destination=10%20Stonebow%20Centre%2C%20Lincoln%2C%20England%2C%20LN2%201DY%2C%20GB,https://tcg.ravensburgerplay.com/events/1015589,,£34.99,2026-10-01T18:21:57.466303
2026-10-19,2026-10-19T17:00:00+00:00,Hyperia City Prerelease (Sealed),Dice & Destiny,"79 Northgate, Canterbury, CT1 1BA, GB",CT1 1BA,0,N/A,,2h 11m,https://www.google.com/maps/dir/?api=1&origin=MK10%200BA&destination=79%20Northgate%2C%20Canterbury%2C%20CT1%201BA%2C%20GB,https://tcg.ravensburgerplay.com/events/951120,,£32.00,2026-10-01T18:21:55.128800
2026-10-19,2026-10-19T17:00:00+00:00,Hyperia City Prerelease (Sealed),Bath TCG,"4, Victoria Buildings, Lower Bristol Rd, Bath, England, BA2 3EH, GB",BA2 3EH,0,N/A,,2h 20m,https://www.google.com/maps/dir/?api=1&origin=MK10%200BA&destination=4%2C%20Victoria%20Buildings%2C%20Lower%20Bristol%20Rd%2C%20Bath%2C%20England%2C%20BA2%203EH%2C%20GB,https://tcg.ravensburgerplay.com/events/943571,,£30.00,2026-10-01T18:21:55.528588
2026-10-19,2026-10-19T17:30:00+00:00,Hyperia City Prerelease (Sealed),We Love Collectibles,"Westwood Industrial Estate, Strasbourg St, Westwood, England, CT9 4JJ, GB",CT9 4JJ,6,N/A,,2h 28m,https://www.google.com/maps/dir/?api=1&origin=MK10%200BA&destination=Westwood%20Industrial%20Estate%2C%20Strasbourg%20St%2C%20Westwood%2C%20England%2C%20CT9%204JJ%2C%20GB,https://tcg.ravensburgerplay.com/events/926310,,£30.00,2026-10-01T18:21:56.998830
2026-10-19,2026-10-19T18:00:00+00:00,Hyperia City Prerelease (Pack Rush),Newport Gaming Centre,"Commercial St, 7a Westgate Buildings, Newport, Wales, NP20 1JL, GB",NP20 1JL,0,N/A,,2h 41m,https://www.google.com/maps/dir/?api=1&origin=MK10%200BA&destination=Commercial%20St%2C%207a%20Westgate%20Buildings%2C%20Newport%2C%20Wales%2C%20NP20%201JL%2C%20GB,https://tcg.ravensburgerplay.com/events/1000290,,£0.00,2026-10-01T18:20:38.928818
2026-10-19,2026-10-19T17:30:00+00:00,Hyperia City Prerelease (Sealed),Ink & Coal Games Ltd,Former St Anne's Memorial PORTH CF39 0ET UNITED KINGDOM,CF39 0ET,0,N/A,,3h 14m,https://www.google.com/maps/dir/?api=1&origin=MK10%200BA&destination=Former%20St%20Anne%27s%20Memorial%0APORTH%0ACF39%200ET%0AUNITED%20KINGDOM,https://tcg.ravensburgerplay.com/events/941110,,£30.00,2026-10-01T18:21:55.941875
2026-10-19,2026-10-19T17:00:00+00:00,Hyperia City Prerelease (Sealed),Geeks of the Galaxy,"51, Cheapside, Spennymoor, England, DL16 6QF, GB",DL16 6QF,1,N/A,,3h 53m,https://www.google.com/maps/dir/?api=1&origin=MK10%200BA&destination=51%2C%20Cheapside%2C%20Spennymoor%2C%20England%2C%20DL16%206QF%2C%20GB,https://tcg.ravensburgerplay.com/events/1063569,,£30.00,2026-10-04T17:27:13.003298

2026-10-20,2026-10-20T17:30:00+00:00,Hyperia City Prerelease (Sealed),GlobalGaming Arena,"City Center, 15 Shaw's Passage, West Midlands, England, B5 5JG, GB",B5 5JG,7,N/A,,1h 21m,https://www.google.com/maps/dir/?api=1&origin=MK10%200BA&destination=City%20Center%2C%2015%20Shaw%27s%20Passage%2C%20West%20Midlands%2C%20England%2C%20B5%205JG%2C%20GB,https://tcg.ravensburgerplay.com/events/916757,,£40.00,2026-10-01T18:21:58.350973
2026-10-20,2026-10-20T17:00:00+00:00,Hyperia City Prerelease (Sealed),The Gamers Guild,"12 Linkfield Corner, Redhill, England, RH1 1BB, GB",RH1 1BB,8,N/A,,1h 29m,https://www.google.com/maps/dir/?api=1&origin=MK10%200BA&destination=12%20Linkfield%20Corner%2C%20Redhill%2C%20England%2C%20RH1%201BB%2C%20GB,https://tcg.ravensburgerplay.com/events/957170,,£35.00,2026-10-01T18:21:57.868903
2026-10-20,2026-10-20T17:30:00+00:00,Hyperia City Prerelease (Sealed),Games Network,"100 Blatchington Road, hove, England, BN3 3YF, GB",BN3 3YF,0,N/A,,2h 7m,https://www.google.com/maps/dir/?api=1&origin=MK10%200BA&destination=100%20Blatchington%20Road%2C%20hove%2C%20England%2C%20BN3%203YF%2C%20GB,https://tcg.ravensburgerplay.com/events/926350,,£30.00,2026-10-01T18:21:58.833026
2026-10-20,2026-10-20T17:30:00+00:00,Hyperia City Prerelease (Sealed),Card Catcher Shop,"73 High St, Bristol BS16 5HE, UK",BS16 5HE,1,N/A,,2h 15m,https://www.google.com/maps/dir/?api=1&origin=MK10%200BA&destination=73%20High%20St%2C%20Bristol%20BS16%205HE%2C%20UK,https://tcg.ravensburgerplay.com/events/1044659,,£30.00,2026-10-02T16:47:25.807502
2026-10-20,2026-10-20T17:30:00+00:00,Hyperia City Prerelease (Pack Rush),Heroes,"Scarrots Ln, Newport, UK",,0,N/A,,3h 26m,https://www.google.com/maps/dir/?api=1&origin=MK10%200BA&destination=Scarrots%20Ln%2C%20Newport%2C%20UK,https://tcg.ravensburgerplay.com/events/957088,,£35.00,2026-10-01T18:20:39.455188
2026-10-20,2026-10-20T17:00:00+00:00,Hyperia City Prerelease (Sealed),Lazy Dragon Gaming,"231, Dickson Rd, Blackpool, England, FY1 2JH, GB",FY1 2JH,4,N/A,,3h 33m,https://www.google.com/maps/dir/?api=1&origin=MK10%200BA&destination=231%2C%20Dickson%20Rd%2C%20Blackpool%2C%20England%2C%20FY1%202JH%2C%20GB,https://tcg.ravensburgerplay.com/events/1055303,,£35.00,2026-10-03T23:13:47.421927
2026-10-20,2026-10-20T17:00:00+00:00,Hyperia City Prerelease (Sealed),The magic chest ltd,"67 English St, Carlisle CA3 8JU, UK",CA3 8JU,3,N/A,,4h 42m,https://www.google.com/maps/dir/?api=1&origin=MK10%200BA&destination=67%20English%20St%2C%20Carlisle%20CA3%208JU%2C%20UK,https://tcg.ravensburgerplay.com/events/921400,,£35.00,2026-10-01T19:24:39.644163

2026-10-21,2026-10-21T17:30:00+00:00,Hyperia City Prerelease (Sealed),Mystic Games Ltd,"Woolgate Shopping Centre, unit 11 , Witney, England, OX286AP, GB",OX286AP,0,N/A,,1h 4m,https://www.google.com/maps/dir/?api=1&origin=MK10%200BA&destination=Woolgate%20Shopping%20Centre%2C%20unit%2011%20%2C%20Witney%2C%20England%2C%20OX286AP%2C%20GB,https://tcg.ravensburgerplay.com/events/916424,,£30.00,2026-10-01T18:22:01.812327
2026-10-21,2026-10-21T17:30:00+00:00,Hyperia City Prerelease (Sealed),Mystery Tavern,"11 Market Pl, Oakham LE15 6DT, UK",LE15 6DT,0,N/A,,1h 12m,https://www.google.com/maps/dir/?api=1&origin=MK10%200BA&destination=11%20Market%20Pl%2C%20Oakham%20LE15%206DT%2C%20UK,https://tcg.ravensburgerplay.com/events/1034519,,£34.99,2026-10-01T18:22:02.671159
2026-10-21,2026-10-21T17:00:00+00:00,Hyperia City Prerelease (Sealed),Manaleak.com,"unit 109, 130, Pershore St, Birmingham, England, B5 6RY, GB",B5 6RY,16,N/A,,1h 21m,https://www.google.com/maps/dir/?api=1&origin=MK10%200BA&destination=unit%20109%2C%20130%2C%20Pershore%20St%2C%20Birmingham%2C%20England%2C%20B5%206RY%2C%20GB,https://tcg.ravensburgerplay.com/events/961022,,£35.00,2026-10-01T18:22:01.331529
2026-10-21,2026-10-21T18:00:00+00:00,Hyperia City Prerelease (Pack Rush),Elemental Cards,"Heathlands Rd, Wokingham, England, RG40 3AW, GB",RG40 3AW,7,N/A,,1h 22m,https://www.google.com/maps/dir/?api=1&origin=MK10%200BA&destination=Heathlands%20Rd%2C%20Wokingham%2C%20England%2C%20RG40%203AW%2C%20GB,https://tcg.ravensburgerplay.com/events/974345,,£10.00,2026-10-01T18:20:39.844556
2026-10-21,2026-10-21T17:00:00+00:00,Hyperia City Prerelease (Sealed),The Movie Shack,"2 Townley Road , Bexleyheath Kent, DA67HL, GB",DA67HL,0,N/A,,1h 30m,https://www.google.com/maps/dir/?api=1&origin=MK10%200BA&destination=2%20Townley%20Road%20%2C%20Bexleyheath%20Kent%2C%20DA67HL%2C%20GB,https://tcg.ravensburgerplay.com/events/999885,,£25.00,2026-10-01T18:21:59.654263
2026-10-21,2026-10-21T13:00:00+00:00,Hyperia City Prerelease (Sealed),Geeks Headquarters,"3 High St, Chesterfield, England, S40 1PS, GB",S40 1PS,0,N/A,,1h 52m,https://www.google.com/maps/dir/?api=1&origin=MK10%200BA&destination=3%20High%20St%2C%20Chesterfield%2C%20England%2C%20S40%201PS%2C%20GB,https://tcg.ravensburgerplay.com/events/960435,,£35.00,2026-10-01T18:21:59.265176
2026-10-21,2026-10-21T17:45:00+00:00,Hyperia City Prerelease (Sealed),Board in the City CIC,"38-40 Onslow Road, Southampton, England, SO14 0JG, GB",SO14 0JG,3,N/A,,2h 6m,https://www.google.com/maps/dir/?api=1&origin=MK10%200BA&destination=38-40%20Onslow%20Road%2C%20Southampton%2C%20England%2C%20SO14%200JG%2C%20GB,https://tcg.ravensburgerplay.com/events/1044517,,£35.00,2026-10-02T16:47:32.744555
2026-10-21,2026-10-21T17:00:00+00:00,Hyperia City Prerelease (Sealed),The Card Cavern,"Unit C, 132-134 Albion St, Southwick BRIGHTON BN42 4DP UNITED KINGDOM",BN42 4DP,0,N/A,,2h 8m,https://www.google.com/maps/dir/?api=1&origin=MK10%200BA&destination=Unit%20C%2C%20132-134%20Albion%20St%2C%20Southwick%0ABRIGHTON%0ABN42%204DP%0AUNITED%20KINGDOM,https://tcg.ravensburgerplay.com/events/1024806,,£35.00,2026-10-01T18:22:00.932597
2026-10-21,2026-10-21T16:00:00+00:00,Hyperia City Prerelease (Pack Rush),Bristol Independent Gaming Ltd,"11 Cater Road, BRISTOL, England, BS13 7TW, GB",BS13 7TW,0,N/A,,2h 28m,https://www.google.com/maps/dir/?api=1&origin=MK10%200BA&destination=11%20Cater%20Road%2C%20BRISTOL%2C%20England%2C%20BS13%207TW%2C%20GB,https://tcg.ravensburgerplay.com/events/1074795,,£34.99,2026-10-05T20:54:08.398561
2026-10-21,2026-10-21T17:30:00+00:00,Hyperia City Prerelease (Sealed),Azgard Collectibles,"Broughton St, Cheetham Hill MANCHESTER M8 8NN UNITED KINGDOM",M8 8NN,5,N/A,,2h 57m,https://www.google.com/maps/dir/?api=1&origin=MK10%200BA&destination=Broughton%20St%2C%20Cheetham%20Hill%0AMANCHESTER%0AM8%208NN%0AUNITED%20KINGDOM,https://tcg.ravensburgerplay.com/events/1034161,,£35.00,2026-10-01T18:22:02.221471
2026-10-21,2026-10-21T17:00:00+00:00,Hyperia City Prerelease (Sealed),Gamepark,"2 Northgate Street, 2 Northgate Street, ABERYSTWYTH, Wales, SY23 2JS, GB",SY23 2JS,0,N/A,,3h 49m,https://www.google.com/maps/dir/?api=1&origin=MK10%200BA&destination=2%20Northgate%20Street%2C%202%20Northgate%20Street%2C%20ABERYSTWYTH%2C%20Wales%2C%20SY23%202JS%2C%20GB,https://tcg.ravensburgerplay.com/events/938776,,£0.00,2026-10-01T18:22:00.067257
2026-10-21,2026-10-21T17:00:00+00:00,Hyperia City Prerelease (Sealed),Roll The Dice Cornwall C.I.C.,"8 Coinagehall St, Helston, England, TR13 8EB, GB",TR13 8EB,1,N/A,,5h 40m,https://www.google.com/maps/dir/?api=1&origin=MK10%200BA&destination=8%20Coinagehall%20St%2C%20Helston%2C%20England%2C%20TR13%208EB%2C%20GB,https://tcg.ravensburgerplay.com/events/923599,,£30.00,2026-10-01T18:22:00.479415

2026-10-22,2026-10-22T17:30:00+00:00,Hyperia City Prerelease (Pack Rush),Impact League TCG,"16 Waterborne Walk, Leighton Buzzard LU7 1DH, UK",LU7 1DH,3,N/A,,16m,https://www.google.com/maps/dir/?api=1&origin=MK10%200BA&destination=16%20Waterborne%20Walk%2C%20Leighton%20Buzzard%20LU7%201DH%2C%20UK,https://tcg.ravensburgerplay.com/events/1044367,,£9.99,2026-10-02T13:41:03.591699
2026-10-22,2026-10-22T09:30:00+00:00,Hyperia City Prerelease (Pack Rush),Calamity Comics hatfield,"Town Centre, TOWN CENTRE, HATFIELD, England, AL10 0JJ, GB",AL10 0JJ,3,N/A,,43m,https://www.google.com/maps/dir/?api=1&origin=MK10%200BA&destination=Town%20Centre%2C%20TOWN%20CENTRE%2C%20HATFIELD%2C%20England%2C%20AL10%200JJ%2C%20GB,https://tcg.ravensburgerplay.com/events/953777,,£35.00,2026-10-01T18:20:40.390926
2026-10-22,2026-10-22T18:00:00+00:00,Hyperia City Prerelease (Sealed),Hokey Poke Games,"13, High St, Rugby, England, CV21 3BG, GB",CV21 3BG,7,N/A,,46m,https://www.google.com/maps/dir/?api=1&origin=MK10%200BA&destination=13%2C%20High%20St%2C%20Rugby%2C%20England%2C%20CV21%203BG%2C%20GB,https://tcg.ravensburgerplay.com/events/929043,,£35.00,2026-10-01T18:22:06.463137
2026-10-22,2026-10-22T17:30:00+00:00,Hyperia City Prerelease (Sealed),Zombie Games Cafe,"15 Cricklewood Broadway, London, England, NW2 3JX, GB",NW2 3JX,1,N/A,,52m,https://www.google.com/maps/dir/?api=1&origin=MK10%200BA&destination=15%20Cricklewood%20Broadway%2C%20London%2C%20England%2C%20NW2%203JX%2C%20GB,https://tcg.ravensburgerplay.com/events/1063450,,£0.00,2026-10-04T11:23:08.829256
2026-10-22,2026-10-22T17:30:00+00:00,Hyperia City Prerelease (Pack Rush),Lionsheart Bookshop and Cafe,"67 Commercial Way, Woking, England, GU21 6HN, GB",GU21 6HN,5,N/A,,1h 12m,https://www.google.com/maps/dir/?api=1&origin=MK10%200BA&destination=67%20Commercial%20Way%2C%20Woking%2C%20England%2C%20GU21%206HN%2C%20GB,https://tcg.ravensburgerplay.com/events/1074385,,£40.00,2026-10-05T11:45:39.175125
2026-10-22,2026-10-22T17:30:00+00:00,Hyperia City Prerelease (Sealed),Game Guru (Utilita Arena),"King Edwards Rd, Birmingham, England, B1 2AA, GB",B1 2AA,11,N/A,,1h 21m,https://www.google.com/maps/dir/?api=1&origin=MK10%200BA&destination=King%20Edwards%20Rd%2C%20Birmingham%2C%20England%2C%20B1%202AA%2C%20GB,https://tcg.ravensburgerplay.com/events/948426,,£35.00,2026-10-01T18:22:05.491629
2026-10-22,2026-10-22T17:00:00+00:00,Hyperia City Prerelease (Sealed),PHANTOMCARDSUK LTD,"312 High Rd, Chilwell, Beeston, Nottingham NG9 5EG, UK",NG9 5EG,1,N/A,,1h 27m,https://www.google.com/maps/dir/?api=1&origin=MK10%200BA&destination=312%20High%20Rd%2C%20Chilwell%2C%20Beeston%2C%20Nottingham%20NG9%205EG%2C%20UK,https://tcg.ravensburgerplay.com/events/1034650,,£30.00,2026-10-01T19:24:50.160194
2026-10-22,2026-10-22T17:00:00+00:00,Hyperia City Prerelease (Sealed),Game Knights,"11 Sidmouth St, Devizes, England, SN10 1LD, GB",SN10 1LD,2,N/A,,2h 2m,https://www.google.com/maps/dir/?api=1&origin=MK10%200BA&destination=11%20Sidmouth%20St%2C%20Devizes%2C%20England%2C%20SN10%201LD%2C%20GB,https://tcg.ravensburgerplay.com/events/943389,,£35.00,2026-10-01T18:22:05.025610
2026-10-22,2026-10-22T17:00:00+00:00,Hyperia City Prerelease (Sealed),Ashdown Gaming,"Crowborough Hill, Crowborough, England, TN6 2EG, GB",TN6 2EG,0,N/A,,2h 6m,https://www.google.com/maps/dir/?api=1&origin=MK10%200BA&destination=Crowborough%20Hill%2C%20Crowborough%2C%20England%2C%20TN6%202EG%2C%20GB,https://tcg.ravensburgerplay.com/events/1024728,,£30.00,2026-10-01T18:22:04.174171
2026-10-22,2026-10-22T17:00:00+00:00,Hyperia City Prerelease (Sealed),Dice & Destiny,"79 Northgate, Canterbury, CT1 1BA, GB",CT1 1BA,0,N/A,,2h 11m,https://www.google.com/maps/dir/?api=1&origin=MK10%200BA&destination=79%20Northgate%2C%20Canterbury%2C%20CT1%201BA%2C%20GB,https://tcg.ravensburgerplay.com/events/941032,,£32.00,2026-10-01T18:22:04.613623
2026-10-22,2026-10-22T17:30:00+00:00,Hyperia City Prerelease (Sealed),Living Realms Castleford,"13-15 Sagar Street, Castleford, WF10 1AF, GB",WF10 1AF,1,N/A,,2h 33m,https://www.google.com/maps/dir/?api=1&origin=MK10%200BA&destination=13-15%20Sagar%20Street%2C%20Castleford%2C%20WF10%201AF%2C%20GB,https://tcg.ravensburgerplay.com/events/942896,,£35.00,2026-10-01T18:22:06.009760
2026-10-22,2026-10-22T16:30:00+00:00,Hyperia City Prerelease (Sealed),G3 Toys,"High Street, Unit 33, The Sovereign, Weston-Super-Mare, England, BS23 1HL, GB",BS23 1HL,0,N/A,,2h 43m,https://www.google.com/maps/dir/?api=1&origin=MK10%200BA&destination=High%20Street%2C%20Unit%2033%2C%20The%20Sovereign%2C%20Weston-Super-Mare%2C%20England%2C%20BS23%201HL%2C%20GB,https://tcg.ravensburgerplay.com/events/940971,,£35.00,2026-10-01T18:22:03.738355
2026-10-22,2026-10-22T16:00:00+00:00,Hyperia City Prerelease (Sealed),The Kobolds Kettle,"8 Market Square, The Kobolds Kettle, Lytham St Annes, England, FY8 5LW, GB",FY8 5LW,0,N/A,,3h 29m,https://www.google.com/maps/dir/?api=1&origin=MK10%200BA&destination=8%20Market%20Square%2C%20The%20Kobolds%20Kettle%2C%20Lytham%20St%20Annes%2C%20England%2C%20FY8%205LW%2C%20GB,https://tcg.ravensburgerplay.com/events/926528,,£35.00,2026-10-01T18:22:03.082331
2026-10-22,2026-10-22T17:00:00+00:00,Hyperia City Prerelease (Sealed),Troll Trader Truro,"The Leats, The Leats, Truro, England, TR1 3AG, GB",TR1 3AG,0,N/A,,5h 17m,https://www.google.com/maps/dir/?api=1&origin=MK10%200BA&destination=The%20Leats%2C%20The%20Leats%2C%20Truro%2C%20England%2C%20TR1%203AG%2C%20GB,https://tcg.ravensburgerplay.com/events/1074423,,£30.00,2026-10-05T17:54:15.775032
