Date,Type,Venue,Location,Postcode,Players signed up,Players at last set champ,Travel time,Route link,Event link,Last set champ link,Price,Created
2026-09-04,Attack of the Vines,Southern Inkz tattoo studio,"52, Queen St, Wellingborough, England, NN8 4JP, GB",NN8 4JP,10,8,8m,https://www.google.com/maps/dir/?api=1&origin=NN29%207RW&destination=52%2C%20Queen%20St%2C%20Wellingborough%2C%20England%2C%20NN8%204JP%2C%20GB,https://tcg.ravensburgerplay.com/events/853647,https://tcg.ravensburgerplay.com/events/651683,£10.00,2026-08-13T15:45:11.372133

2026-09-05,Attack of the Vines,The Games Den,"7 Park Street, Royal Leamington Spa, England, CV32 4QN, GB",CV32 4QN,0,14,1h 1m,https://www.google.com/maps/dir/?api=1&origin=NN29%207RW&destination=7%20Park%20Street%2C%20Royal%20Leamington%20Spa%2C%20England%2C%20CV32%204QN%2C%20GB,https://tcg.ravensburgerplay.com/events/714263,https://tcg.ravensburgerplay.com/events/617414,£12.50,2026-07-10T21:41:43.429943
2026-09-05,Attack of the Vines,Geek Retreat Stevenage,"Park Place Plaza, Stevenage, England, SG1 1BF, GB",SG1 1BF,0,29,1h 2m,https://www.google.com/maps/dir/?api=1&origin=NN29%207RW&destination=Park%20Place%20Plaza%2C%20Stevenage%2C%20England%2C%20SG1%201BF%2C%20GB,https://tcg.ravensburgerplay.com/events/856789,https://tcg.ravensburgerplay.com/events/547872,£10.00,2026-08-14T16:10:42.060832
2026-09-05,Attack of the Vines,Outlaw Games Cafe,"56 Lilac Cres, Rylands, Beeston, Nottingham NG9 1PX, UK",NG9 1PX,9,N/A,1h 29m,https://www.google.com/maps/dir/?api=1&origin=NN29%207RW&destination=56%20Lilac%20Cres%2C%20Rylands%2C%20Beeston%2C%20Nottingham%20NG9%201PX%2C%20UK,https://tcg.ravensburgerplay.com/events/772323,,£10.00,2026-07-15T10:08:49.784617
2026-09-05,Attack of the Vines,Alpha Games,"2 Shepherds Grove Industrial Estate East, Unit 7, Stanton, England, IP31 2AR, GB",IP31 2AR,0,11,1h 41m,https://www.google.com/maps/dir/?api=1&origin=NN29%207RW&destination=2%20Shepherds%20Grove%20Industrial%20Estate%20East%2C%20Unit%207%2C%20Stanton%2C%20England%2C%20IP31%202AR%2C%20GB,https://tcg.ravensburgerplay.com/events/845290,https://tcg.ravensburgerplay.com/events/608355,£15.00,2026-08-10T17:41:45.832966
2026-09-05,Attack of the Vines,Eclectic Games,"21 Duke Street, Reading, RG1 4SA, GB",RG1 4SA,0,19,1h 45m,https://www.google.com/maps/dir/?api=1&origin=NN29%207RW&destination=21%20Duke%20Street%2C%20Reading%2C%20RG1%204SA%2C%20GB,https://tcg.ravensburgerplay.com/events/780750,https://tcg.ravensburgerplay.com/events/612103,£20.00,2026-07-18T17:19:53.797588
2026-09-05,Attack of the Vines,The Brotherhood Games Ltd,"210-212 Southwark Park Rd., London, England, SE16 3RW, GB",SE16 3RW,2,39,1h 49m,https://www.google.com/maps/dir/?api=1&origin=NN29%207RW&destination=210-212%20Southwark%20Park%20Rd.%2C%20London%2C%20England%2C%20SE16%203RW%2C%20GB,https://tcg.ravensburgerplay.com/events/799238,https://tcg.ravensburgerplay.com/events/580489,£20.00,2026-07-25T13:46:30.106087
2026-09-05,Attack of the Vines,The Gamers Guild,"12 Linkfield Corner, Redhill, England, RH1 1BB, GB",RH1 1BB,1,13,1h 50m,https://www.google.com/maps/dir/?api=1&origin=NN29%207RW&destination=12%20Linkfield%20Corner%2C%20Redhill%2C%20England%2C%20RH1%201BB%2C%20GB,https://tcg.ravensburgerplay.com/events/838167,https://tcg.ravensburgerplay.com/events/631049,£15.00,2026-08-07T18:38:03.485928
2026-09-05,Attack of the Vines,The Nerd Hut,"Buttermarket, Ipswich IP1 1BQ, UK",IP1 1BQ,3,14,1h 55m,https://www.google.com/maps/dir/?api=1&origin=NN29%207RW&destination=Buttermarket%2C%20Ipswich%20IP1%201BQ%2C%20UK,https://tcg.ravensburgerplay.com/events/712168,https://tcg.ravensburgerplay.com/events/604552,£0.00,2026-07-10T21:41:39.942538
2026-09-05,Attack of the Vines,The Card Corner,8 High Street SKEGNESS PE25 3NW UNITED KINGDOM,PE25 3NW,3,16,2h 7m,https://www.google.com/maps/dir/?api=1&origin=NN29%207RW&destination=8%20High%20Street%0ASKEGNESS%0APE25%203NW%0AUNITED%20KINGDOM,https://tcg.ravensburgerplay.com/events/793862,https://tcg.ravensburgerplay.com/events/638535,£15.00,2026-07-23T19:12:32.805585
2026-09-05,Attack of the Vines,Void Games,"Mirion Street, Unit 8, Brierley Business Centre , Crewe, England, CW1 2AZ, GB",CW1 2AZ,5,20,2h 14m,https://www.google.com/maps/dir/?api=1&origin=NN29%207RW&destination=Mirion%20Street%2C%20Unit%208%2C%20Brierley%20Business%20Centre%20%2C%20Crewe%2C%20England%2C%20CW1%202AZ%2C%20GB,https://tcg.ravensburgerplay.com/events/832614,https://tcg.ravensburgerplay.com/events/639231,£15.00,2026-08-05T21:01:45.152330
2026-09-05,Attack of the Vines,prestige wargaming,"34 Shambles Street, prestige wargaming, Barnsley, England, S702SH, GB",S702SH,7,18,2h 19m,https://www.google.com/maps/dir/?api=1&origin=NN29%207RW&destination=34%20Shambles%20Street%2C%20prestige%20wargaming%2C%20Barnsley%2C%20England%2C%20S702SH%2C%20GB,https://tcg.ravensburgerplay.com/events/760531,https://tcg.ravensburgerplay.com/events/501442,£15.00,2026-07-10T21:41:39.121371
2026-09-05,Attack of the Vines,Games Network,"100 Blatchington Road, hove, England, BN3 3YF, GB",BN3 3YF,3,16,2h 28m,https://www.google.com/maps/dir/?api=1&origin=NN29%207RW&destination=100%20Blatchington%20Road%2C%20hove%2C%20England%2C%20BN3%203YF%2C%20GB,https://tcg.ravensburgerplay.com/events/828974,https://tcg.ravensburgerplay.com/events/586331,£0.00,2026-08-04T17:36:29.965869
2026-09-05,Attack of the Vines,Dice Board Game Lounge Portsmouth,"149 Albert Road, Dice Board Game Lounge, Portsmouth, England, PO40JW, GB",PO40JW,0,16,2h 32m,https://www.google.com/maps/dir/?api=1&origin=NN29%207RW&destination=149%20Albert%20Road%2C%20Dice%20Board%20Game%20Lounge%2C%20Portsmouth%2C%20England%2C%20PO40JW%2C%20GB,https://tcg.ravensburgerplay.com/events/850633,https://tcg.ravensburgerplay.com/events/523260,£0.00,2026-08-12T12:13:35.895710
2026-09-05,Attack of the Vines,4th Planet Games,11 Bank St WREXHAM LL11 1AH UNITED KINGDOM,LL11 1AH,14,18,2h 42m,https://www.google.com/maps/dir/?api=1&origin=NN29%207RW&destination=11%20Bank%20St%0AWREXHAM%0ALL11%201AH%0AUNITED%20KINGDOM,https://tcg.ravensburgerplay.com/events/720391,https://tcg.ravensburgerplay.com/events/608284,£20.00,2026-07-10T21:41:38.203005
2026-09-05,Attack of the Vines,FTK GAMING NETWORK LTD T/A CHAOS CARDS,"100 Sandgate Road, FOLKESTONE, England, CT20 2BW, GB",CT20 2BW,3,21,2h 44m,https://www.google.com/maps/dir/?api=1&origin=NN29%207RW&destination=100%20Sandgate%20Road%2C%20FOLKESTONE%2C%20England%2C%20CT20%202BW%2C%20GB,https://tcg.ravensburgerplay.com/events/845074,https://tcg.ravensburgerplay.com/events/613751,£14.00,2026-08-10T11:38:04.417182
2026-09-05,Attack of the Vines,Galleon Games,"30 Saint Leonards Road, 30 St. Leonards Road, Bexhill, England, TN40 1HT, GB",TN40 1HT,0,19,2h 54m,https://www.google.com/maps/dir/?api=1&origin=NN29%207RW&destination=30%20Saint%20Leonards%20Road%2C%2030%20St.%20Leonards%20Road%2C%20Bexhill%2C%20England%2C%20TN40%201HT%2C%20GB,https://tcg.ravensburgerplay.com/events/856634,https://tcg.ravensburgerplay.com/events/604485,£0.00,2026-08-14T13:06:12.815883
2026-09-05,Attack of the Vines,Harlequins Preston,"52 Manchester Road, Lancashire, England, PR1 3YH, GB",PR1 3YH,0,15,3h 6m,https://www.google.com/maps/dir/?api=1&origin=NN29%207RW&destination=52%20Manchester%20Road%2C%20Lancashire%2C%20England%2C%20PR1%203YH%2C%20GB,https://tcg.ravensburgerplay.com/events/720602,https://tcg.ravensburgerplay.com/events/595105,£12.50,2026-07-10T21:41:41.519827
2026-09-05,Attack of the Vines,Gamepark,"2 Northgate Street, 2 Northgate Street, ABERYSTWYTH, Wales, SY23 2JS, GB",SY23 2JS,0,8,3h 48m,https://www.google.com/maps/dir/?api=1&origin=NN29%207RW&destination=2%20Northgate%20Street%2C%202%20Northgate%20Street%2C%20ABERYSTWYTH%2C%20Wales%2C%20SY23%202JS%2C%20GB,https://tcg.ravensburgerplay.com/events/711477,https://tcg.ravensburgerplay.com/events/627848,£0.00,2026-07-10T21:41:43.903561
2026-09-05,Attack of the Vines,AJ-TCG Carlisle,3 Earls Lane CARLISLE CA38DG UNITED KINGDOM,CA38DG,1,N/A,4h 41m,https://www.google.com/maps/dir/?api=1&origin=NN29%207RW&destination=3%20Earls%20Lane%0ACARLISLE%0ACA38DG%0AUNITED%20KINGDOM,https://tcg.ravensburgerplay.com/events/720796,,£15.00,2026-07-10T21:41:41.980207
2026-09-05,Attack of the Vines,Roll The Dice Cornwall C.I.C.,"8 Coinagehall St, Helston, England, TR13 8EB, GB",TR13 8EB,16,14,5h 51m,https://www.google.com/maps/dir/?api=1&origin=NN29%207RW&destination=8%20Coinagehall%20St%2C%20Helston%2C%20England%2C%20TR13%208EB%2C%20GB,https://tcg.ravensburgerplay.com/events/736690,https://tcg.ravensburgerplay.com/events/487405,£15.00,2026-07-10T21:41:40.944496
2026-09-05,Attack of the Vines,Merchants' Guild,"50 Albion St, G1 1LH, Glasgow, Scotland, G1 1LH, GB",G1 1LH,0,16,6h 23m,https://www.google.com/maps/dir/?api=1&origin=NN29%207RW&destination=50%20Albion%20St%2C%20G1%201LH%2C%20Glasgow%2C%20Scotland%2C%20G1%201LH%2C%20GB,https://tcg.ravensburgerplay.com/events/726823,https://tcg.ravensburgerplay.com/events/579998,£22.00,2026-07-10T21:41:44.348259
2026-09-05,Attack of the Vines,Nerdvana Livingston,"Unit 11 Grampian Court, Beveridge Square, Dedridge, Livingston, Scotland, EH54 6QF, GB",EH54 6QF,0,16,6h 26m,https://www.google.com/maps/dir/?api=1&origin=NN29%207RW&destination=Unit%2011%20Grampian%20Court%2C%20Beveridge%20Square%2C%20Dedridge%2C%20Livingston%2C%20Scotland%2C%20EH54%206QF%2C%20GB,https://tcg.ravensburgerplay.com/events/712119,https://tcg.ravensburgerplay.com/events/625018,£20.00,2026-07-10T21:41:40.405520
2026-09-05,Attack of the Vines,Accent Gaming (Dunfermline) LTD,"15 New Row, Dunfermline, Scotland, KY12 7EA, GB",KY12 7EA,7,17,6h 54m,https://www.google.com/maps/dir/?api=1&origin=NN29%207RW&destination=15%20New%20Row%2C%20Dunfermline%2C%20Scotland%2C%20KY12%207EA%2C%20GB,https://tcg.ravensburgerplay.com/events/859520,https://tcg.ravensburgerplay.com/events/663657,£15.00,2026-08-15T13:24:10.250410
2026-09-05,Attack of the Vines,Highlander Games Ltd,"102 Annfield Road, 102, Dundee, Scotland, DD1 5JH, GB",DD1 5JH,1,15,7h 38m,https://www.google.com/maps/dir/?api=1&origin=NN29%207RW&destination=102%20Annfield%20Road%2C%20102%2C%20Dundee%2C%20Scotland%2C%20DD1%205JH%2C%20GB,https://tcg.ravensburgerplay.com/events/714348,https://tcg.ravensburgerplay.com/events/604450,£15.00,2026-07-10T21:41:42.969659
2026-09-05,Attack of the Vines,Northern Card Gaming,"142 Frances Street, Ards and North Down, Newtownards, Northern Ireland, BT23 7DY, GB",BT23 7DY,2,17,9h 50m,https://www.google.com/maps/dir/?api=1&origin=NN29%207RW&destination=142%20Frances%20Street%2C%20Ards%20and%20North%20Down%2C%20Newtownards%2C%20Northern%20Ireland%2C%20BT23%207DY%2C%20GB,https://tcg.ravensburgerplay.com/events/775072,https://tcg.ravensburgerplay.com/events/490063,£25.00,2026-07-16T13:31:29.297477
2026-09-05,Attack of the Vines,Replay,"97 High Street, Bangor, Northern Ireland, bt20 5bd, GB",BT20 5BD,4,13,9h 57m,https://www.google.com/maps/dir/?api=1&origin=NN29%207RW&destination=97%20High%20Street%2C%20Bangor%2C%20Northern%20Ireland%2C%20bt20%205bd%2C%20GB,https://tcg.ravensburgerplay.com/events/720059,https://tcg.ravensburgerplay.com/events/567716,£20.00,2026-07-10T21:41:42.513316
2026-09-05,Attack of the Vines,Puca Puca Games,"11 Great James Street, Derry and Strabane, Northern Ireland, BT48 7BZ, GB",BT48 7BZ,0,12,N/A,https://www.google.com/maps/dir/?api=1&origin=NN29%207RW&destination=11%20Great%20James%20Street%2C%20Derry%20and%20Strabane%2C%20Northern%20Ireland%2C%20BT48%207BZ%2C%20GB,https://tcg.ravensburgerplay.com/events/750207,https://tcg.ravensburgerplay.com/events/485664,£20.00,2026-07-10T21:41:38.688149
2026-09-05,Attack of the Vines,Forbidden Planet International,"28, St Peters St, Derby, England, DE1 1SL, GB",DE1 1SL,9,8,N/A,https://www.google.com/maps/dir/?api=1&origin=NN29%207RW&destination=28%2C%20St%20Peters%20St%2C%20Derby%2C%20England%2C%20DE1%201SL%2C%20GB,https://tcg.ravensburgerplay.com/events/777859,https://tcg.ravensburgerplay.com/events/607627,£10.00,2026-07-17T13:52:24.191873

2026-09-06,Attack of the Vines,Mystic Games Ltd,"Woolgate Shopping Centre, unit 11 , Witney, England, OX286AP, GB",OX286AP,0,16,1h 15m,https://www.google.com/maps/dir/?api=1&origin=NN29%207RW&destination=Woolgate%20Shopping%20Centre%2C%20unit%2011%20%2C%20Witney%2C%20England%2C%20OX286AP%2C%20GB,https://tcg.ravensburgerplay.com/events/733563,https://tcg.ravensburgerplay.com/events/583482,£16.00,2026-07-10T21:41:46.830888
2026-09-06,Attack of the Vines,Manaleak.com,"unit 109, 130, Pershore St, Birmingham, England, B5 6RY, GB",B5 6RY,16,14,1h 20m,https://www.google.com/maps/dir/?api=1&origin=NN29%207RW&destination=unit%20109%2C%20130%2C%20Pershore%20St%2C%20Birmingham%2C%20England%2C%20B5%206RY%2C%20GB,https://tcg.ravensburgerplay.com/events/736593,https://tcg.ravensburgerplay.com/events/609345,£16.00,2026-07-10T21:41:46.215745
2026-09-06,Attack of the Vines,Funky Frog,"15, Orwell Pl, Ipswich, England, IP4 1BD, GB",IP4 1BD,6,16,1h 56m,https://www.google.com/maps/dir/?api=1&origin=NN29%207RW&destination=15%2C%20Orwell%20Pl%2C%20Ipswich%2C%20England%2C%20IP4%201BD%2C%20GB,https://tcg.ravensburgerplay.com/events/712080,https://tcg.ravensburgerplay.com/events/607372,£15.00,2026-07-10T21:41:44.828722
2026-09-06,Attack of the Vines,Bristol Independent Gaming Ltd,"11 Cater Road, BRISTOL, England, BS13 7TW, GB",BS13 7TW,0,8,2h 39m,https://www.google.com/maps/dir/?api=1&origin=NN29%207RW&destination=11%20Cater%20Road%2C%20BRISTOL%2C%20England%2C%20BS13%207TW%2C%20GB,https://tcg.ravensburgerplay.com/events/714953,https://tcg.ravensburgerplay.com/events/604482,£0.00,2026-07-10T21:41:45.765549
2026-09-06,Attack of the Vines,Travelling Man Leeds,"32 Central Road, Leeds, England, ls1 6de, GB",LS1 6DE,5,19,2h 42m,https://www.google.com/maps/dir/?api=1&origin=NN29%207RW&destination=32%20Central%20Road%2C%20Leeds%2C%20England%2C%20ls1%206de%2C%20GB,https://tcg.ravensburgerplay.com/events/801798,https://tcg.ravensburgerplay.com/events/604401,£0.00,2026-07-26T11:02:38.876884
2026-09-06,Attack of the Vines,Jester Games Store,"35 King St E, 35 King Street East, Stockport, England, SK1 1XJ, GB",SK1 1XJ,4,23,2h 43m,https://www.google.com/maps/dir/?api=1&origin=NN29%207RW&destination=35%20King%20St%20E%2C%2035%20King%20Street%20East%2C%20Stockport%2C%20England%2C%20SK1%201XJ%2C%20GB,https://tcg.ravensburgerplay.com/events/804481,https://tcg.ravensburgerplay.com/events/544941,£20.00,2026-07-27T14:28:40.238650
2026-09-06,Attack of the Vines,Dice and Pins,"1 Bassendale Road, Bromborough Bowl , Bromborough , England, CH62 3QL, GB",CH62 3QL,1,16,2h 59m,https://www.google.com/maps/dir/?api=1&origin=NN29%207RW&destination=1%20Bassendale%20Road%2C%20Bromborough%20Bowl%20%2C%20Bromborough%20%2C%20England%2C%20CH62%203QL%2C%20GB,https://tcg.ravensburgerplay.com/events/810337,https://tcg.ravensburgerplay.com/events/612799,£20.00,2026-07-29T12:22:42.990178
2026-09-06,Attack of the Vines,Rules of Play,"29 Castle Arcade, Cardiff, Wales, CF10 1BW, GB",CF10 1BW,0,18,3h 9m,https://www.google.com/maps/dir/?api=1&origin=NN29%207RW&destination=29%20Castle%20Arcade%2C%20Cardiff%2C%20Wales%2C%20CF10%201BW%2C%20GB,https://tcg.ravensburgerplay.com/events/825852,https://tcg.ravensburgerplay.com/events/512034,£18.00,2026-08-03T20:20:10.560315
2026-09-06,Attack of the Vines,Heroes,"Scarrots Lane, Unit 3, Newport, England, PO30 1JP, GB",PO30 1JP,0,8,3h 42m,https://www.google.com/maps/dir/?api=1&origin=NN29%207RW&destination=Scarrots%20Lane%2C%20Unit%203%2C%20Newport%2C%20England%2C%20PO30%201JP%2C%20GB,https://tcg.ravensburgerplay.com/events/850446,https://tcg.ravensburgerplay.com/events/649871,£10.00,2026-08-12T09:12:26.649926
2026-09-06,Attack of the Vines,Gamers@Hart,"Bovis House, Hartlepool, England, TS24 7SE, GB",TS24 7SE,0,11,3h 50m,https://www.google.com/maps/dir/?api=1&origin=NN29%207RW&destination=Bovis%20House%2C%20Hartlepool%2C%20England%2C%20TS24%207SE%2C%20GB,https://tcg.ravensburgerplay.com/events/845785,https://tcg.ravensburgerplay.com/events/605506,£15.00,2026-08-10T23:46:51.152930
2026-09-06,Attack of the Vines,Geek Retreat Sunderland,"2 John Street, Sunniside, England, SR1 1DX, GB",SR1 1DX,1,16,4h 5m,https://www.google.com/maps/dir/?api=1&origin=NN29%207RW&destination=2%20John%20Street%2C%20Sunniside%2C%20England%2C%20SR1%201DX%2C%20GB,https://tcg.ravensburgerplay.com/events/712095,https://tcg.ravensburgerplay.com/events/580484,£7.00,2026-07-10T21:41:45.306380

2026-09-12,Attack of the Vines,CommuniTea Gaming,"Unit 16-17, Orton Gate Shopping Centre, Peterborough, England, PE2 5TD, GB",PE2 5TD,0,18,41m,https://www.google.com/maps/dir/?api=1&origin=NN29%207RW&destination=Unit%2016-17%2C%20Orton%20Gate%20Shopping%20Centre%2C%20Peterborough%2C%20England%2C%20PE2%205TD%2C%20GB,https://tcg.ravensburgerplay.com/events/782866,https://tcg.ravensburgerplay.com/events/585889,£10.00,2026-07-19T14:41:13.679635
2026-09-12,Attack of the Vines,ReRoll Board Game Cafe,"34-36 Granby Street, Upper Floors, Leicester, England, LE1 1DE, GB",LE1 1DE,0,16,57m,https://www.google.com/maps/dir/?api=1&origin=NN29%207RW&destination=34-36%20Granby%20Street%2C%20Upper%20Floors%2C%20Leicester%2C%20England%2C%20LE1%201DE%2C%20GB,https://tcg.ravensburgerplay.com/events/859761,https://tcg.ravensburgerplay.com/events/617065,£12.50,2026-08-15T16:24:37.667754
2026-09-12,Attack of the Vines,Pendulum Gaming,"2 Westgate, Grantham, England, NG31 6LT, GB",NG31 6LT,3,16,1h 12m,https://www.google.com/maps/dir/?api=1&origin=NN29%207RW&destination=2%20Westgate%2C%20Grantham%2C%20England%2C%20NG31%206LT%2C%20GB,https://tcg.ravensburgerplay.com/events/784913,https://tcg.ravensburgerplay.com/events/589902,£0.00,2026-07-20T15:01:11.123073
2026-09-12,Attack of the Vines,Marquee Models,"71 Harvey Centre Approach, Harlow, England, CM201XS, GB",CM201XS,0,12,1h 26m,https://www.google.com/maps/dir/?api=1&origin=NN29%207RW&destination=71%20Harvey%20Centre%20Approach%2C%20Harlow%2C%20England%2C%20CM201XS%2C%20GB,https://tcg.ravensburgerplay.com/events/790563,https://tcg.ravensburgerplay.com/events/503021,£15.00,2026-07-22T12:46:42.870548
2026-09-12,Attack of the Vines,The Dice Cup,"68-70 Mansfield Road, Nottingham, England, NG1 3GY, GB",NG1 3GY,5,24,1h 33m,https://www.google.com/maps/dir/?api=1&origin=NN29%207RW&destination=68-70%20Mansfield%20Road%2C%20Nottingham%2C%20England%2C%20NG1%203GY%2C%20GB,https://tcg.ravensburgerplay.com/events/840395,https://tcg.ravensburgerplay.com/events/567650,£12.00,2026-08-08T12:54:21.495092
2026-09-12,Attack of the Vines,Geek Retreat Chelmsford,"48 Townfield Street, Chelmsford, England, CM1 1AQ, GB",CM1 1AQ,0,25,1h 45m,https://www.google.com/maps/dir/?api=1&origin=NN29%207RW&destination=48%20Townfield%20Street%2C%20Chelmsford%2C%20England%2C%20CM1%201AQ%2C%20GB,https://tcg.ravensburgerplay.com/events/714582,https://tcg.ravensburgerplay.com/events/492393,£0.00,2026-07-10T21:41:48.242139
2026-09-12,Attack of the Vines,Gordian Knot Games Ltd,"Town Pier Square, Gravesend, England, DA11 0BJ, GB",DA11 0BJ,0,16,1h 54m,https://www.google.com/maps/dir/?api=1&origin=NN29%207RW&destination=Town%20Pier%20Square%2C%20Gravesend%2C%20England%2C%20DA11%200BJ%2C%20GB,https://tcg.ravensburgerplay.com/events/825925,https://tcg.ravensburgerplay.com/events/683687,£0.00,2026-08-03T17:15:25.034332
2026-09-12,Attack of the Vines,Forge and Finds,"36, Lloyds Ave, Ipswich, England, IP1 3HD, GB",IP1 3HD,0,19,1h 54m,https://www.google.com/maps/dir/?api=1&origin=NN29%207RW&destination=36%2C%20Lloyds%20Ave%2C%20Ipswich%2C%20England%2C%20IP1%203HD%2C%20GB,https://tcg.ravensburgerplay.com/events/850761,https://tcg.ravensburgerplay.com/events/589546,£10.00,2026-08-12T15:18:19.361789
2026-09-12,Attack of the Vines,Athena Games,"9, St Gregory's Alley, Norwich, England, NR2 1ER, GB",NR2 1ER,0,17,2h 7m,https://www.google.com/maps/dir/?api=1&origin=NN29%207RW&destination=9%2C%20St%20Gregory%27s%20Alley%2C%20Norwich%2C%20England%2C%20NR2%201ER%2C%20GB,https://tcg.ravensburgerplay.com/events/845345,https://tcg.ravensburgerplay.com/events/547878,£18.00,2026-08-10T17:41:59.742372
2026-09-12,Attack of the Vines,Triple Helix Wargames,"Cory Way, Unit 10, Westbury, England, BA13 4QT, GB",BA13 4QT,0,12,2h 31m,https://www.google.com/maps/dir/?api=1&origin=NN29%207RW&destination=Cory%20Way%2C%20Unit%2010%2C%20Westbury%2C%20England%2C%20BA13%204QT%2C%20GB,https://tcg.ravensburgerplay.com/events/722585,https://tcg.ravensburgerplay.com/events/494363,£15.00,2026-07-10T21:41:47.291848
2026-09-12,Attack of the Vines,Norton TCG,"84b High Street, Midsomer Norton, England, BA3 2DE, GB",BA3 2DE,2,13,2h 50m,https://www.google.com/maps/dir/?api=1&origin=NN29%207RW&destination=84b%20High%20Street%2C%20Midsomer%20Norton%2C%20England%2C%20BA3%202DE%2C%20GB,https://tcg.ravensburgerplay.com/events/742425,https://tcg.ravensburgerplay.com/events/493412,£10.00,2026-07-10T21:41:48.684270
2026-09-12,Attack of the Vines,Firestorm Games Merthyr,"129 High Street, Merthyr Tydfil, Wales, CF47 8DN, GB",CF47 8DN,0,15,3h 13m,https://www.google.com/maps/dir/?api=1&origin=NN29%207RW&destination=129%20High%20Street%2C%20Merthyr%20Tydfil%2C%20Wales%2C%20CF47%208DN%2C%20GB,https://tcg.ravensburgerplay.com/events/711420,https://tcg.ravensburgerplay.com/events/594716,£17.00,2026-07-10T21:41:47.786059
2026-09-12,Attack of the Vines,Fazpack Ltd,"13-17 All Hallows Road, Bispham, England, FY2 0AS, GB",FY2 0AS,16,21,3h 32m,https://www.google.com/maps/dir/?api=1&origin=NN29%207RW&destination=13-17%20All%20Hallows%20Road%2C%20Bispham%2C%20England%2C%20FY2%200AS%2C%20GB,https://tcg.ravensburgerplay.com/events/811016,https://tcg.ravensburgerplay.com/events/597115,£10.00,2026-08-13T12:43:25.977294
2026-09-12,Attack of the Vines,Spike's Hideout,10 Victoria Rd SCARBOROUGH YO11 1SD UNITED KINGDOM,YO11 1SD,1,N/A,3h 37m,https://www.google.com/maps/dir/?api=1&origin=NN29%207RW&destination=10%20Victoria%20Rd%0ASCARBOROUGH%0AYO11%201SD%0AUNITED%20KINGDOM,https://tcg.ravensburgerplay.com/events/848243,,£0.00,2026-08-11T18:00:24.922240
2026-09-12,Attack of the Vines,Porqué Cards,"John St, Sunniside SUNDERLAND SR1 1DX UNITED KINGDOM",SR1 1DX,8,N/A,4h 5m,https://www.google.com/maps/dir/?api=1&origin=NN29%207RW&destination=John%20St%2C%20Sunniside%0ASUNDERLAND%0ASR1%201DX%0AUNITED%20KINGDOM,https://tcg.ravensburgerplay.com/events/796519,,£7.00,2026-07-24T16:29:58.603985
2026-09-12,Attack of the Vines,The magic chest ltd,"Unit D, 2, 8, Rosemary Ln, Carlisle, England, CA3 8PW, GB",CA3 8PW,0,11,4h 43m,https://www.google.com/maps/dir/?api=1&origin=NN29%207RW&destination=Unit%20D%2C%202%2C%208%2C%20Rosemary%20Ln%2C%20Carlisle%2C%20England%2C%20CA3%208PW%2C%20GB,https://tcg.ravensburgerplay.com/events/784678,https://tcg.ravensburgerplay.com/events/609136,£10.00,2026-07-20T11:59:06.503030
2026-09-12,Attack of the Vines,Evans Hobby and Tech,"76 High St, Annan DG12 6DL, UK",DG12 6DL,0,N/A,4h 59m,https://www.google.com/maps/dir/?api=1&origin=NN29%207RW&destination=76%20High%20St%2C%20Annan%20DG12%206DL%2C%20UK,https://tcg.ravensburgerplay.com/events/854483,,£9.00,2026-08-13T21:52:22.656998
2026-09-12,Attack of the Vines,Tokyotoys Glasgow,"27 Union Street, Tokyotoys, Glasgow, Scotland, G1 3RB, GB",G1 3RB,0,14,6h 26m,https://www.google.com/maps/dir/?api=1&origin=NN29%207RW&destination=27%20Union%20Street%2C%20Tokyotoys%2C%20Glasgow%2C%20Scotland%2C%20G1%203RB%2C%20GB,https://tcg.ravensburgerplay.com/events/738992,https://tcg.ravensburgerplay.com/events/480389,£30.00,2026-07-10T21:41:49.150335

2026-09-13,Attack of the Vines,TheHiveGaming,"Church Lane, CHURCH LANE, BANBURY,OXON, England, OX16 5LR, GB",OX16 5LR,0,11,55m,https://www.google.com/maps/dir/?api=1&origin=NN29%207RW&destination=Church%20Lane%2C%20CHURCH%20LANE%2C%20BANBURY%2COXON%2C%20England%2C%20OX16%205LR%2C%20GB,https://tcg.ravensburgerplay.com/events/834667,https://tcg.ravensburgerplay.com/events/577361,£10.00,2026-08-06T12:13:35.047774
2026-09-13,Attack of the Vines,Do or Dice,"Addlestone One, Unit 6B Do or Dice ADDLESTONE KT15 2GD UNITED KINGDOM",KT15 2GD,6,18,1h 29m,https://www.google.com/maps/dir/?api=1&origin=NN29%207RW&destination=Addlestone%20One%2C%20Unit%206B%20Do%20or%20Dice%0AADDLESTONE%0AKT15%202GD%0AUNITED%20KINGDOM,https://tcg.ravensburgerplay.com/events/847965,https://tcg.ravensburgerplay.com/events/516130,£15.00,2026-08-11T14:57:37.659500
2026-09-13,Attack of the Vines,Drewtopia LTD T/A Boardroom Gaming Cafe,"13 New Street, 13 New Street, Telford, England, TF1 1LU, GB",TF1 1LU,0,16,1h 51m,https://www.google.com/maps/dir/?api=1&origin=NN29%207RW&destination=13%20New%20Street%2C%2013%20New%20Street%2C%20Telford%2C%20England%2C%20TF1%201LU%2C%20GB,https://tcg.ravensburgerplay.com/events/832455,https://tcg.ravensburgerplay.com/events/575005,£20.00,2026-08-05T21:02:01.349608
2026-09-13,Attack of the Vines,Incom Gaming Ltd,"Church Street, Cheltenham, England, GL50 3HA, GB",GL50 3HA,1,17,1h 53m,https://www.google.com/maps/dir/?api=1&origin=NN29%207RW&destination=Church%20Street%2C%20Cheltenham%2C%20England%2C%20GL50%203HA%2C%20GB,https://tcg.ravensburgerplay.com/events/788080,https://tcg.ravensburgerplay.com/events/597123,£0.00,2026-07-21T21:29:34.189377
2026-09-13,Attack of the Vines,Mulligan Game Cafe,"41A Upper Brook Street, Ipswich, England, IP13 7EB, GB",IP13 7EB,0,27,2h 5m,https://www.google.com/maps/dir/?api=1&origin=NN29%207RW&destination=41A%20Upper%20Brook%20Street%2C%20Ipswich%2C%20England%2C%20IP13%207EB%2C%20GB,https://tcg.ravensburgerplay.com/events/790362,https://tcg.ravensburgerplay.com/events/601488,£10.00,2026-07-22T12:46:43.845280
2026-09-13,Attack of the Vines,Planet JJs Geekery,"11 Quarry Hill Parade, Kent, England, TN9 2HR, GB",TN9 2HR,0,8,2h 8m,https://www.google.com/maps/dir/?api=1&origin=NN29%207RW&destination=11%20Quarry%20Hill%20Parade%2C%20Kent%2C%20England%2C%20TN9%202HR%2C%20GB,https://tcg.ravensburgerplay.com/events/850669,https://tcg.ravensburgerplay.com/events/627913,£10.00,2026-08-12T15:18:34.043705
2026-09-13,Attack of the Vines,Game Knights,"11 Sidmouth St, Devizes, England, SN10 1LD, GB",SN10 1LD,0,18,2h 13m,https://www.google.com/maps/dir/?api=1&origin=NN29%207RW&destination=11%20Sidmouth%20St%2C%20Devizes%2C%20England%2C%20SN10%201LD%2C%20GB,https://tcg.ravensburgerplay.com/events/823032,https://tcg.ravensburgerplay.com/events/644301,£20.00,2026-08-02T13:49:22.083099
2026-09-13,Attack of the Vines,New Realities Gaming Ltd,"142 Fisherton Street, Salisbury, England, SP2 7QT, GB",SP2 7QT,0,29,2h 24m,https://www.google.com/maps/dir/?api=1&origin=NN29%207RW&destination=142%20Fisherton%20Street%2C%20Salisbury%2C%20England%2C%20SP2%207QT%2C%20GB,https://tcg.ravensburgerplay.com/events/843237,https://tcg.ravensburgerplay.com/events/616093,£15.00,2026-08-09T20:26:38.046940
2026-09-13,Attack of the Vines,Card Catcher Shop,"118, High St, Staple Hill, England, BS16 5HH, GB",BS16 5HH,0,24,2h 27m,https://www.google.com/maps/dir/?api=1&origin=NN29%207RW&destination=118%2C%20High%20St%2C%20Staple%20Hill%2C%20England%2C%20BS16%205HH%2C%20GB,https://tcg.ravensburgerplay.com/events/859452,https://tcg.ravensburgerplay.com/events/608796,£15.00,2026-08-15T13:24:33.607705
2026-09-13,Attack of the Vines,Battle City Games LTD,"122-124 London Road, Portsmouth, England, PO2 9DD, GB",PO2 9DD,1,11,2h 28m,https://www.google.com/maps/dir/?api=1&origin=NN29%207RW&destination=122-124%20London%20Road%2C%20Portsmouth%2C%20England%2C%20PO2%209DD%2C%20GB,https://tcg.ravensburgerplay.com/events/790804,https://tcg.ravensburgerplay.com/events/690533,£15.00,2026-07-22T15:50:27.527780
2026-09-13,Attack of the Vines,Hull Pops Gaming Centre,"Unit 26 Priory Tec Pk, Saxon Way, Hessle, England, HU13 9PB, GB",HU13 9PB,0,14,2h 36m,https://www.google.com/maps/dir/?api=1&origin=NN29%207RW&destination=Unit%2026%20Priory%20Tec%20Pk%2C%20Saxon%20Way%2C%20Hessle%2C%20England%2C%20HU13%209PB%2C%20GB,https://tcg.ravensburgerplay.com/events/785087,https://tcg.ravensburgerplay.com/events/604282,£10.00,2026-07-20T18:04:30.685272
2026-09-13,Attack of the Vines,Geek Retreat Harrogate,"30 Oxford Street, 30 Oxford Street, HARROGATE, England, HG1 1PP, GB",HG1 1PP,3,8,2h 59m,https://www.google.com/maps/dir/?api=1&origin=NN29%207RW&destination=30%20Oxford%20Street%2C%2030%20Oxford%20Street%2C%20HARROGATE%2C%20England%2C%20HG1%201PP%2C%20GB,https://tcg.ravensburgerplay.com/events/754995,https://tcg.ravensburgerplay.com/events/307226,£20.00,2026-07-10T21:41:51.708240
2026-09-13,Attack of the Vines,Ink & Coal Games Ltd,Former St Anne's Memorial PORTH CF39 0ET UNITED KINGDOM,CF39 0ET,0,N/A,3h 25m,https://www.google.com/maps/dir/?api=1&origin=NN29%207RW&destination=Former%20St%20Anne%27s%20Memorial%0APORTH%0ACF39%200ET%0AUNITED%20KINGDOM,https://tcg.ravensburgerplay.com/events/758557,,£10.00,2026-07-10T21:41:49.600497
2026-09-13,Attack of the Vines,Total Cards,"6 Maple Way, City Missing, England, DL5 6BF, GB",DL5 6BF,0,N/A,3h 36m,https://www.google.com/maps/dir/?api=1&origin=NN29%207RW&destination=6%20Maple%20Way%2C%20City%20Missing%2C%20England%2C%20DL5%206BF%2C%20GB,https://tcg.ravensburgerplay.com/events/742965,,£14.95,2026-07-10T21:41:50.595289
2026-09-13,Attack of the Vines,Geeks of the Galaxy,"51, Cheapside, Spennymoor, England, DL16 6QF, GB",DL16 6QF,8,16,3h 49m,https://www.google.com/maps/dir/?api=1&origin=NN29%207RW&destination=51%2C%20Cheapside%2C%20Spennymoor%2C%20England%2C%20DL16%206QF%2C%20GB,https://tcg.ravensburgerplay.com/events/767435,https://tcg.ravensburgerplay.com/events/474277,£20.00,2026-07-13T09:25:35.886344
2026-09-13,Attack of the Vines,Red October Games,"Main Rd, Stocksfield, England, NE43 7BW, GB",NE43 7BW,0,15,4h 23m,https://www.google.com/maps/dir/?api=1&origin=NN29%207RW&destination=Main%20Rd%2C%20Stocksfield%2C%20England%2C%20NE43%207BW%2C%20GB,https://tcg.ravensburgerplay.com/events/772377,https://tcg.ravensburgerplay.com/events/495018,£0.00,2026-07-15T10:08:59.096544
2026-09-13,Attack of the Vines,Happy Piranha / Piranha Cafe,"18, Pydar St, Truro, England, TR1 2AY, GB",TR1 2AY,16,13,5h 27m,https://www.google.com/maps/dir/?api=1&origin=NN29%207RW&destination=18%2C%20Pydar%20St%2C%20Truro%2C%20England%2C%20TR1%202AY%2C%20GB,https://tcg.ravensburgerplay.com/events/757851,https://tcg.ravensburgerplay.com/events/585948,£10.00,2026-07-10T21:41:50.069229
2026-09-13,Attack of the Vines,Thistle Tavern Games Hub Edinburgh,"79, Shandwick Pl, Edinburgh, Scotland, EH2 4SD, GB",EH2 4SD,7,11,6h 42m,https://www.google.com/maps/dir/?api=1&origin=NN29%207RW&destination=79%2C%20Shandwick%20Pl%2C%20Edinburgh%2C%20Scotland%2C%20EH2%204SD%2C%20GB,https://tcg.ravensburgerplay.com/events/727203,https://tcg.ravensburgerplay.com/events/727567,£10.00,2026-07-10T21:41:51.106271
2026-09-13,Attack of the Vines,Robins Hobby Cafe,"9, Queens Rd, Belfast, Northern Ireland, BT3 9DT, GB",BT3 9DT,6,12,9h 38m,https://www.google.com/maps/dir/?api=1&origin=NN29%207RW&destination=9%2C%20Queens%20Rd%2C%20Belfast%2C%20Northern%20Ireland%2C%20BT3%209DT%2C%20GB,https://tcg.ravensburgerplay.com/events/813070,https://tcg.ravensburgerplay.com/events/558627,£15.00,2026-07-30T06:41:19.170026

2026-09-18,Attack of the Vines,GlobalGaming Arena,"City Center, 15 Shaw's Passage, West Midlands, England, B5 5JG, GB",B5 5JG,8,15,1h 20m,https://www.google.com/maps/dir/?api=1&origin=NN29%207RW&destination=City%20Center%2C%2015%20Shaw%27s%20Passage%2C%20West%20Midlands%2C%20England%2C%20B5%205JG%2C%20GB,https://tcg.ravensburgerplay.com/events/709831,https://tcg.ravensburgerplay.com/events/484804,£20.00,2026-07-10T21:41:52.183301

2026-09-19,Attack of the Vines,Geek Retreat Birmingham,"18 Hall Street, Birmingham, England, B18 6BS, GB",B18 6BS,22,11,1h 18m,https://www.google.com/maps/dir/?api=1&origin=NN29%207RW&destination=18%20Hall%20Street%2C%20Birmingham%2C%20England%2C%20B18%206BS%2C%20GB,https://tcg.ravensburgerplay.com/events/760903,https://tcg.ravensburgerplay.com/events/685914,£12.00,2026-07-10T21:41:54.135594
2026-09-19,Attack of the Vines,Oxshed Cafe,"5 Ratcliffe Court, Oxshed Cafe, Wallingford, England, OX109QF, GB",OX109QF,1,19,1h 28m,https://www.google.com/maps/dir/?api=1&origin=NN29%207RW&destination=5%20Ratcliffe%20Court%2C%20Oxshed%20Cafe%2C%20Wallingford%2C%20England%2C%20OX109QF%2C%20GB,https://tcg.ravensburgerplay.com/events/791047,https://tcg.ravensburgerplay.com/events/520258,£15.00,2026-07-22T18:51:18.512421
2026-09-19,Attack of the Vines,The Other Games,"Blue Post House, 128, Newland St, Witham, England, CM8 1BA, GB",CM8 1BA,10,15,1h 49m,https://www.google.com/maps/dir/?api=1&origin=NN29%207RW&destination=Blue%20Post%20House%2C%20128%2C%20Newland%20St%2C%20Witham%2C%20England%2C%20CM8%201BA%2C%20GB,https://tcg.ravensburgerplay.com/events/769890,https://tcg.ravensburgerplay.com/events/486789,£15.00,2026-07-14T12:48:09.355375
2026-09-19,Attack of the Vines,Collecteebles,"28a, Chantry Centre, Andover, England, SP10 1LS, GB",SP10 1LS,2,13,1h 57m,https://www.google.com/maps/dir/?api=1&origin=NN29%207RW&destination=28a%2C%20Chantry%20Centre%2C%20Andover%2C%20England%2C%20SP10%201LS%2C%20GB,https://tcg.ravensburgerplay.com/events/765440,https://tcg.ravensburgerplay.com/events/638278,£15.00,2026-07-12T12:02:15.115131
2026-09-19,Attack of the Vines,The Toy Moon Ltd t/a TMM Games,"5b New Rd, Chippenham SN15 1EL, UK",SN15 1EL,0,18,2h 7m,https://www.google.com/maps/dir/?api=1&origin=NN29%207RW&destination=5b%20New%20Rd%2C%20Chippenham%20SN15%201EL%2C%20UK,https://tcg.ravensburgerplay.com/events/831975,https://tcg.ravensburgerplay.com/events/582992,£5.00,2026-08-05T14:57:40.034200
2026-09-19,Attack of the Vines,Patriot Games Ltd,"97 Mary Street, Sheffield City Centre, England, S1 4RT, GB",S1 4RT,1,17,2h 9m,https://www.google.com/maps/dir/?api=1&origin=NN29%207RW&destination=97%20Mary%20Street%2C%20Sheffield%20City%20Centre%2C%20England%2C%20S1%204RT%2C%20GB,https://tcg.ravensburgerplay.com/events/850962,https://tcg.ravensburgerplay.com/events/604336,£0.00,2026-08-12T18:23:32.636427
2026-09-19,Attack of the Vines,Dice Saloon Ltd,"88 London Road, Brighton, England, BN1 4JF, GB",BN1 4JF,1,13,2h 29m,https://www.google.com/maps/dir/?api=1&origin=NN29%207RW&destination=88%20London%20Road%2C%20Brighton%2C%20England%2C%20BN1%204JF%2C%20GB,https://tcg.ravensburgerplay.com/events/739324,https://tcg.ravensburgerplay.com/events/547466,£13.50,2026-07-10T21:41:52.741901
2026-09-19,Attack of the Vines,Living Realms Castleford,"Union Street, 4-5, Wakefield, England, WF1 3AD, GB",WF1 3AD,2,21,2h 31m,https://www.google.com/maps/dir/?api=1&origin=NN29%207RW&destination=Union%20Street%2C%204-5%2C%20Wakefield%2C%20England%2C%20WF1%203AD%2C%20GB,https://tcg.ravensburgerplay.com/events/847641,https://tcg.ravensburgerplay.com/events/583223,£15.00,2026-08-11T11:55:45.230266
2026-09-19,Attack of the Vines,Dice & Destiny,"79 Northgate, Canterbury, CT1 1BA, GB",CT1 1BA,0,27,2h 32m,https://www.google.com/maps/dir/?api=1&origin=NN29%207RW&destination=79%20Northgate%2C%20Canterbury%2C%20CT1%201BA%2C%20GB,https://tcg.ravensburgerplay.com/events/848691,https://tcg.ravensburgerplay.com/events/588979,£10.00,2026-08-12T00:07:16.042658
2026-09-19,Attack of the Vines,Luck Box Cards and Collectables,Trinity Market Low Gate HULL HU1 2JH UNITED KINGDOM,HU1 2JH,0,N/A,2h 40m,https://www.google.com/maps/dir/?api=1&origin=NN29%207RW&destination=Trinity%20Market%20Low%20Gate%0AHULL%0AHU1%202JH%0AUNITED%20KINGDOM,https://tcg.ravensburgerplay.com/events/853535,,£5.00,2026-08-13T12:43:39.888368
2026-09-19,Attack of the Vines,Last Stand Games,"47, Market Pl, South Cave, England, HU15 2BS, GB",HU15 2BS,0,12,2h 41m,https://www.google.com/maps/dir/?api=1&origin=NN29%207RW&destination=47%2C%20Market%20Pl%2C%20South%20Cave%2C%20England%2C%20HU15%202BS%2C%20GB,https://tcg.ravensburgerplay.com/events/747572,https://tcg.ravensburgerplay.com/events/634634,£15.00,2026-07-10T21:41:55.357284
2026-09-19,Attack of the Vines,Geek Retreat Chester,"Chester Retail Park, 5B, Old Seals Way, Chester, England, CH1 4RY, GB",CH1 4RY,18,16,2h 50m,https://www.google.com/maps/dir/?api=1&origin=NN29%207RW&destination=Chester%20Retail%20Park%2C%205B%2C%20Old%20Seals%20Way%2C%20Chester%2C%20England%2C%20CH1%204RY%2C%20GB,https://tcg.ravensburgerplay.com/events/799279,https://tcg.ravensburgerplay.com/events/487431,£15.00,2026-07-25T13:46:50.485299
2026-09-19,Attack of the Vines,Fan Boy Three,"25 Hilton Street, Greater Manchester, England, M1 1EL, GB",M1 1EL,3,25,2h 53m,https://www.google.com/maps/dir/?api=1&origin=NN29%207RW&destination=25%20Hilton%20Street%2C%20Greater%20Manchester%2C%20England%2C%20M1%201EL%2C%20GB,https://tcg.ravensburgerplay.com/events/733257,https://tcg.ravensburgerplay.com/events/490545,£15.00,2026-07-10T21:41:53.682322
2026-09-19,Attack of the Vines,The Gamers Lodge,"61 Kempston St, Liverpool, England, L3 8ET, GB",L3 8ET,9,17,2h 59m,https://www.google.com/maps/dir/?api=1&origin=NN29%207RW&destination=61%20Kempston%20St%2C%20Liverpool%2C%20England%2C%20L3%208ET%2C%20GB,https://tcg.ravensburgerplay.com/events/736725,https://tcg.ravensburgerplay.com/events/568392,£25.00,2026-07-10T21:41:54.841605
2026-09-19,Attack of the Vines,Firestorm Games Cardiff,"Sloper Rd, Cardiff, Wales, CF11 8AB, GB",CF11 8AB,0,16,3h 14m,https://www.google.com/maps/dir/?api=1&origin=NN29%207RW&destination=Sloper%20Rd%2C%20Cardiff%2C%20Wales%2C%20CF11%208AB%2C%20GB,https://tcg.ravensburgerplay.com/events/834610,https://tcg.ravensburgerplay.com/events/489016,£20.00,2026-08-06T09:10:29.233094
2026-09-19,Attack of the Vines,Pro Tech Games Ltd,22 Grange Road STOCKTON-ON-TEES TS18 2PH UNITED KINGDOM,TS18 2PH,0,N/A,3h 34m,https://www.google.com/maps/dir/?api=1&origin=NN29%207RW&destination=22%20Grange%20Road%0ASTOCKTON-ON-TEES%0ATS18%202PH%0AUNITED%20KINGDOM,https://tcg.ravensburgerplay.com/events/853787,,£20.00,2026-08-13T15:45:54.104195
2026-09-19,Attack of the Vines,Geek Retreat Hartlepool,"105 York Road, Hartlepool, England, TS26 9DH, GB",TS26 9DH,1,12,3h 51m,https://www.google.com/maps/dir/?api=1&origin=NN29%207RW&destination=105%20York%20Road%2C%20Hartlepool%2C%20England%2C%20TS26%209DH%2C%20GB,https://tcg.ravensburgerplay.com/events/745396,https://tcg.ravensburgerplay.com/events/628556,£10.00,2026-07-10T21:41:53.221007
2026-09-19,Attack of the Vines,Yard's Games,"117 High St, Arbroath, Scotland, DD11 1DP, GB",DD11 1DP,0,18,8h 3m,https://www.google.com/maps/dir/?api=1&origin=NN29%207RW&destination=117%20High%20St%2C%20Arbroath%2C%20Scotland%2C%20DD11%201DP%2C%20GB,https://tcg.ravensburgerplay.com/events/810744,https://tcg.ravensburgerplay.com/events/709340,£15.00,2026-07-29T18:26:26.847304
2026-09-19,Attack of the Vines,Misfit Hobbies Coleraine,"22, Railway Rd, Coleraine, Northern Ireland, BT52 1PE, GB",BT52 1PE,15,14,10h 37m,https://www.google.com/maps/dir/?api=1&origin=NN29%207RW&destination=22%2C%20Railway%20Rd%2C%20Coleraine%2C%20Northern%20Ireland%2C%20BT52%201PE%2C%20GB,https://tcg.ravensburgerplay.com/events/775042,https://tcg.ravensburgerplay.com/events/469086,£15.00,2026-07-16T10:30:14.025141

2026-09-20,Attack of the Vines,Geek Retreat Northampton,"Weedon Road Industrial Estate, Tyne Rd, Northampton, England, NN5 5AF, GB",NN5 5AF,3,10,20m,https://www.google.com/maps/dir/?api=1&origin=NN29%207RW&destination=Weedon%20Road%20Industrial%20Estate%2C%20Tyne%20Rd%2C%20Northampton%2C%20England%2C%20NN5%205AF%2C%20GB,https://tcg.ravensburgerplay.com/events/719856,https://tcg.ravensburgerplay.com/events/607430,£15.00,2026-07-10T21:41:58.082889
2026-09-20,Attack of the Vines,Black Dragon Games Ltd,"17 Burton Street, Melton Mowbray, England, le13 1ae, GB",LE13 1AE,1,28,1h 8m,https://www.google.com/maps/dir/?api=1&origin=NN29%207RW&destination=17%20Burton%20Street%2C%20Melton%20Mowbray%2C%20England%2C%20le13%201ae%2C%20GB,https://tcg.ravensburgerplay.com/events/778753,https://tcg.ravensburgerplay.com/events/483955,£17.99,2026-07-18T01:53:11.664684
2026-09-20,Attack of the Vines,Game Guru (Touchwood),"Unit SU52, Touchwood Shopping Centre, 25 Jubilee Walk SOLIHULL B91 3HT UNITED KINGDOM",B91 3HT,16,15,1h 13m,https://www.google.com/maps/dir/?api=1&origin=NN29%207RW&destination=Unit%20SU52%2C%20Touchwood%20Shopping%20Centre%2C%2025%20Jubilee%20Walk%0ASOLIHULL%0AB91%203HT%0AUNITED%20KINGDOM,https://tcg.ravensburgerplay.com/events/747217,https://tcg.ravensburgerplay.com/events/675379,£20.00,2026-07-10T21:41:58.587893
2026-09-20,Attack of the Vines,Top Dog Gaming,"Kinver Street, Shop 3, Wordsley, England, DY8 5AA, GB",DY8 5AA,14,21,1h 39m,https://www.google.com/maps/dir/?api=1&origin=NN29%207RW&destination=Kinver%20Street%2C%20Shop%203%2C%20Wordsley%2C%20England%2C%20DY8%205AA%2C%20GB,https://tcg.ravensburgerplay.com/events/752067,https://tcg.ravensburgerplay.com/events/546987,£15.00,2026-07-10T21:41:56.409213
2026-09-20,Attack of the Vines,TridentCards Mansfield,"Queen St, Mansfield, England, NG18 1JN, GB",NG18 1JN,6,17,1h 45m,https://www.google.com/maps/dir/?api=1&origin=NN29%207RW&destination=Queen%20St%2C%20Mansfield%2C%20England%2C%20NG18%201JN%2C%20GB,https://tcg.ravensburgerplay.com/events/794119,https://tcg.ravensburgerplay.com/events/599482,£10.00,2026-07-23T22:17:30.916850
2026-09-20,Attack of the Vines,The Games Shop,"6 Wellington Street, Aldershot, England, GU11 1DZ, GB",GU11 1DZ,0,16,1h 47m,https://www.google.com/maps/dir/?api=1&origin=NN29%207RW&destination=6%20Wellington%20Street%2C%20Aldershot%2C%20England%2C%20GU11%201DZ%2C%20GB,https://tcg.ravensburgerplay.com/events/714590,https://tcg.ravensburgerplay.com/events/580542,£15.00,2026-07-10T21:41:57.618283
2026-09-20,Attack of the Vines,TokyoToys,"6 Marechal Niel Parade, Main Road SIDCUP DA14 6QF, UNITED KINGDOM",DA14 6QF,2,N/A,1h 57m,https://www.google.com/maps/dir/?api=1&origin=NN29%207RW&destination=6%20Marechal%20Niel%20Parade%2C%20Main%20Road%0ASIDCUP%0ADA14%206QF%2C%0AUNITED%20KINGDOM,https://tcg.ravensburgerplay.com/events/845489,,£18.00,2026-08-10T17:42:26.117674
2026-09-20,Attack of the Vines,Board in the City CIC,"38-40 Onslow Road, Southampton, England, SO14 0JG, GB",SO14 0JG,7,11,2h 18m,https://www.google.com/maps/dir/?api=1&origin=NN29%207RW&destination=38-40%20Onslow%20Road%2C%20Southampton%2C%20England%2C%20SO14%200JG%2C%20GB,https://tcg.ravensburgerplay.com/events/832497,https://tcg.ravensburgerplay.com/events/595134,£19.00,2026-08-05T21:02:21.600371
2026-09-20,Attack of the Vines,The Consulting Gamer,"2 Chapel Mews, Ashford , England, TN24 8JN, GB",TN24 8JN,0,19,2h 28m,https://www.google.com/maps/dir/?api=1&origin=NN29%207RW&destination=2%20Chapel%20Mews%2C%20Ashford%20%2C%20England%2C%20TN24%208JN%2C%20GB,https://tcg.ravensburgerplay.com/events/843022,https://tcg.ravensburgerplay.com/events/540452,£10.00,2026-08-09T17:24:34.282429
2026-09-20,Attack of the Vines,Bath TCG,"4, Victoria Buildings, Lower Bristol Rd, Bath, England, BA2 3EH, GB",BA2 3EH,0,15,2h 31m,https://www.google.com/maps/dir/?api=1&origin=NN29%207RW&destination=4%2C%20Victoria%20Buildings%2C%20Lower%20Bristol%20Rd%2C%20Bath%2C%20England%2C%20BA2%203EH%2C%20GB,https://tcg.ravensburgerplay.com/events/742399,https://tcg.ravensburgerplay.com/events/543401,£10.00,2026-07-10T21:41:57.076881
2026-09-20,Attack of the Vines,Archeron Games,"65 George Street, Kingston upon Hull, England, HU1 3BA, GB",HU1 3BA,2,13,2h 42m,https://www.google.com/maps/dir/?api=1&origin=NN29%207RW&destination=65%20George%20Street%2C%20Kingston%20upon%20Hull%2C%20England%2C%20HU1%203BA%2C%20GB,https://tcg.ravensburgerplay.com/events/782867,https://tcg.ravensburgerplay.com/events/607551,£5.00,2026-07-19T14:41:27.391047
2026-09-20,Attack of the Vines,Gemini Games,"16 High Street, Huddersfield, England, hd1 2le, GB",HD1 2LE,3,14,2h 45m,https://www.google.com/maps/dir/?api=1&origin=NN29%207RW&destination=16%20High%20Street%2C%20Huddersfield%2C%20England%2C%20hd1%202le%2C%20GB,https://tcg.ravensburgerplay.com/events/765410,https://tcg.ravensburgerplay.com/events/605041,£15.00,2026-07-12T12:02:21.466968
2026-09-20,Attack of the Vines,Bridge Troll Boardgame Café,"10A Angel Hill, Tiverton, England, ex16 6pe, GB",EX16 6PE,12,8,3h 39m,https://www.google.com/maps/dir/?api=1&origin=NN29%207RW&destination=10A%20Angel%20Hill%2C%20Tiverton%2C%20England%2C%20ex16%206pe%2C%20GB,https://tcg.ravensburgerplay.com/events/752146,https://tcg.ravensburgerplay.com/events/659586,£20.00,2026-07-10T21:41:55.842334
2026-09-20,Attack of the Vines,Northumbrian Tin Soldier Limited,"21 West Percy Street, West Percy Street, North Shields, England, ne29 0dw, GB",NE29 0DW,0,8,4h 17m,https://www.google.com/maps/dir/?api=1&origin=NN29%207RW&destination=21%20West%20Percy%20Street%2C%20West%20Percy%20Street%2C%20North%20Shields%2C%20England%2C%20ne29%200dw%2C%20GB,https://tcg.ravensburgerplay.com/events/845386,https://tcg.ravensburgerplay.com/events/605111,£15.00,2026-08-10T17:42:25.670355
2026-09-20,Attack of the Vines,Knightly Gaming,"2-6 Hopetoun Street, Bathgate, Scotland, EH48 4EU, GB",EH48 4EU,1,20,6h 30m,https://www.google.com/maps/dir/?api=1&origin=NN29%207RW&destination=2-6%20Hopetoun%20Street%2C%20Bathgate%2C%20Scotland%2C%20EH48%204EU%2C%20GB,https://tcg.ravensburgerplay.com/events/791042,https://tcg.ravensburgerplay.com/events/526125,£16.00,2026-07-22T18:51:23.589531

2026-09-26,Attack of the Vines,Players Paradice,"19, St John's Terrace, Newport Pagnell, England, MK16 8HE, GB",MK16 8HE,0,25,23m,https://www.google.com/maps/dir/?api=1&origin=NN29%207RW&destination=19%2C%20St%20John%27s%20Terrace%2C%20Newport%20Pagnell%2C%20England%2C%20MK16%208HE%2C%20GB,https://tcg.ravensburgerplay.com/events/739218,https://tcg.ravensburgerplay.com/events/594455,£15.00,2026-07-10T21:41:59.823030
2026-09-26,Attack of the Vines,Geek Retreat Kettering,"10-12 High Street, Kettering, England, NN16 8ST, GB",NN16 8ST,5,15,23m,https://www.google.com/maps/dir/?api=1&origin=NN29%207RW&destination=10-12%20High%20Street%2C%20Kettering%2C%20England%2C%20NN16%208ST%2C%20GB,https://tcg.ravensburgerplay.com/events/793544,https://tcg.ravensburgerplay.com/events/625159,£0.00,2026-07-23T16:08:43.174856
2026-09-26,Attack of the Vines,Hokey Poke Games,"13, High St, Rugby, England, CV21 3BG, GB",CV21 3BG,1,14,47m,https://www.google.com/maps/dir/?api=1&origin=NN29%207RW&destination=13%2C%20High%20St%2C%20Rugby%2C%20England%2C%20CV21%203BG%2C%20GB,https://tcg.ravensburgerplay.com/events/845605,https://tcg.ravensburgerplay.com/events/650515,£15.00,2026-08-10T20:43:46.588164
2026-09-26,Attack of the Vines,Angle Gaming Lounge,"939 Lincoln Road, Peterborough, England, pe4 6af, GB",PE4 6AF,1,8,48m,https://www.google.com/maps/dir/?api=1&origin=NN29%207RW&destination=939%20Lincoln%20Road%2C%20Peterborough%2C%20England%2C%20pe4%206af%2C%20GB,https://tcg.ravensburgerplay.com/events/720040,https://tcg.ravensburgerplay.com/events/483033,£10.00,2026-07-10T21:42:02.282179
2026-09-26,Attack of the Vines,Boards and Swords Hobbies,"3 Stores Rd, Derby, England, DE21 4BJ, GB",DE21 4BJ,0,24,1h 28m,https://www.google.com/maps/dir/?api=1&origin=NN29%207RW&destination=3%20Stores%20Rd%2C%20Derby%2C%20England%2C%20DE21%204BJ%2C%20GB,https://tcg.ravensburgerplay.com/events/853580,https://tcg.ravensburgerplay.com/events/604490,£12.00,2026-08-13T12:43:59.724224
2026-09-26,Attack of the Vines,Elemental Cards,"Heathlands Rd, Wokingham, England, RG40 3AW, GB",RG40 3AW,2,27,1h 42m,https://www.google.com/maps/dir/?api=1&origin=NN29%207RW&destination=Heathlands%20Rd%2C%20Wokingham%2C%20England%2C%20RG40%203AW%2C%20GB,https://tcg.ravensburgerplay.com/events/854358,https://tcg.ravensburgerplay.com/events/582980,£30.00,2026-08-13T21:52:57.727513
2026-09-26,Attack of the Vines,Grim Dice Tabletop Gaming,"21 Wellowgate, Grimsby, England, DN32 0RA, GB",DN32 0RA,0,8,2h 34m,https://www.google.com/maps/dir/?api=1&origin=NN29%207RW&destination=21%20Wellowgate%2C%20Grimsby%2C%20England%2C%20DN32%200RA%2C%20GB,https://tcg.ravensburgerplay.com/events/850783,https://tcg.ravensburgerplay.com/events/607552,£5.00,2026-08-12T15:18:55.010467
2026-09-26,Attack of the Vines,Element Games,"Hallam Street, 1st floor, Stockport, England, sk2 6pt, GB",SK2 6PT,8,16,2h 46m,https://www.google.com/maps/dir/?api=1&origin=NN29%207RW&destination=Hallam%20Street%2C%201st%20floor%2C%20Stockport%2C%20England%2C%20sk2%206pt%2C%20GB,https://tcg.ravensburgerplay.com/events/796339,https://tcg.ravensburgerplay.com/events/674934,£15.00,2026-07-24T13:29:22.822743
2026-09-26,Attack of the Vines,Entoyment Hobby and Games Centre,"27-29 Harwell Road, Nuffield Industrial Estate, Poole, Dorset, BH17 0GE, GB",BH17 0GE,10,16,2h 52m,https://www.google.com/maps/dir/?api=1&origin=NN29%207RW&destination=27-29%20Harwell%20Road%2C%20Nuffield%20Industrial%20Estate%2C%20Poole%2C%20Dorset%2C%20BH17%200GE%2C%20GB,https://tcg.ravensburgerplay.com/events/713935,https://tcg.ravensburgerplay.com/events/517524,£15.00,2026-07-10T21:41:59.275124
2026-09-26,Attack of the Vines,Dice Pit,"unit 1, maritime buildings, Woodland Terrace, Maesycoed, Pontypridd, CF48 4SP, UK, Pontypridd, UK, CF48 4SP, UK",CF48 4SP,1,N/A,3h 15m,https://www.google.com/maps/dir/?api=1&origin=NN29%207RW&destination=unit%201%2C%20maritime%20buildings%2C%20Woodland%20Terrace%2C%20Maesycoed%2C%20Pontypridd%2C%20CF48%204SP%2C%20UK%2C%20Pontypridd%2C%20UK%2C%20CF48%204SP%2C%20UK,https://tcg.ravensburgerplay.com/events/767968,,£17.00,2026-07-13T18:36:16.081341
2026-09-26,Attack of the Vines,Lazy Dragon Gaming,"231, Dickson Rd, Blackpool, England, FY1 2JH, GB",FY1 2JH,16,18,3h 32m,https://www.google.com/maps/dir/?api=1&origin=NN29%207RW&destination=231%2C%20Dickson%20Rd%2C%20Blackpool%2C%20England%2C%20FY1%202JH%2C%20GB,https://tcg.ravensburgerplay.com/events/733284,https://tcg.ravensburgerplay.com/events/487790,£0.00,2026-07-10T21:42:01.690970
2026-09-26,Attack of the Vines,Binderful,"12, Forth St, Newcastle upon Tyne, England, NE1 3NZ, GB",NE1 3NZ,6,8,4h 12m,https://www.google.com/maps/dir/?api=1&origin=NN29%207RW&destination=12%2C%20Forth%20St%2C%20Newcastle%20upon%20Tyne%2C%20England%2C%20NE1%203NZ%2C%20GB,https://tcg.ravensburgerplay.com/events/850519,https://tcg.ravensburgerplay.com/events/635746,£15.00,2026-08-12T12:14:27.784160
2026-09-26,Attack of the Vines,Bay Games ltd,"78 - 84 park view, Whitley Bay, NE26 2TH, GB",NE26 2TH,1,16,4h 22m,https://www.google.com/maps/dir/?api=1&origin=NN29%207RW&destination=78%20-%2084%20park%20view%2C%20Whitley%20Bay%2C%20NE26%202TH%2C%20GB,https://tcg.ravensburgerplay.com/events/859789,https://tcg.ravensburgerplay.com/events/616580,£0.00,2026-08-15T19:29:59.950458
2026-09-26,Attack of the Vines,Mad for Miniatures Ltd,"Market Hill, St Austell, England, PL25 5QB, GB",PL25 5QB,14,27,5h 18m,https://www.google.com/maps/dir/?api=1&origin=NN29%207RW&destination=Market%20Hill%2C%20St%20Austell%2C%20England%2C%20PL25%205QB%2C%20GB,https://tcg.ravensburgerplay.com/events/755349,https://tcg.ravensburgerplay.com/events/577826,£10.00,2026-07-10T21:42:00.882018
2026-09-26,Attack of the Vines,Troll Trader Truro,"The Leats, The Leats, Truro, England, TR1 3AG, GB",TR1 3AG,8,8,5h 28m,https://www.google.com/maps/dir/?api=1&origin=NN29%207RW&destination=The%20Leats%2C%20The%20Leats%2C%20Truro%2C%20England%2C%20TR1%203AG%2C%20GB,https://tcg.ravensburgerplay.com/events/720054,https://tcg.ravensburgerplay.com/events/363487,£15.00,2026-07-10T21:42:00.314321
2026-09-26,Attack of the Vines,RNG GAMES,"45 Old Sneddon Street, Paisley, Scotland, pa3 2an, GB",PA3 2AN,0,12,6h 30m,https://www.google.com/maps/dir/?api=1&origin=NN29%207RW&destination=45%20Old%20Sneddon%20Street%2C%20Paisley%2C%20Scotland%2C%20pa3%202an%2C%20GB,https://tcg.ravensburgerplay.com/events/835081,https://tcg.ravensburgerplay.com/events/604346,£20.00,2026-08-06T15:15:57.669778
2026-09-26,Attack of the Vines,Out of this Galaxy,"23 Scott Street, Perth, Scotland, PH1 5EH, GB",PH1 5EH,9,27,7h 15m,https://www.google.com/maps/dir/?api=1&origin=NN29%207RW&destination=23%20Scott%20Street%2C%20Perth%2C%20Scotland%2C%20PH1%205EH%2C%20GB,https://tcg.ravensburgerplay.com/events/823882,https://tcg.ravensburgerplay.com/events/613592,£15.00,2026-08-02T22:58:22.186759

2026-09-27,Attack of the Vines,Wargames Workshop MK,"18 Winchester Circle, Milton Keynes, Milton Keynes, England, MK10 0BA, GB",MK10 0BA,3,20,25m,https://www.google.com/maps/dir/?api=1&origin=NN29%207RW&destination=18%20Winchester%20Circle%2C%20Milton%20Keynes%2C%20Milton%20Keynes%2C%20England%2C%20MK10%200BA%2C%20GB,https://tcg.ravensburgerplay.com/events/739220,https://tcg.ravensburgerplay.com/events/594480,£15.00,2026-07-10T21:42:03.304707
2026-09-27,Attack of the Vines,Game Guru (Utilita Arena),"King Edwards Rd, Birmingham, England, B1 2AA, GB",B1 2AA,16,16,1h 20m,https://www.google.com/maps/dir/?api=1&origin=NN29%207RW&destination=King%20Edwards%20Rd%2C%20Birmingham%2C%20England%2C%20B1%202AA%2C%20GB,https://tcg.ravensburgerplay.com/events/709844,https://tcg.ravensburgerplay.com/events/585900,£20.00,2026-07-10T21:42:04.976502
2026-09-27,Attack of the Vines,Geek Retreat Dudley,"195 High Street, Dudley, West Midlands, DY1 1QE, GB",DY1 1QE,14,15,1h 31m,https://www.google.com/maps/dir/?api=1&origin=NN29%207RW&destination=195%20High%20Street%2C%20Dudley%2C%20West%20Midlands%2C%20DY1%201QE%2C%20GB,https://tcg.ravensburgerplay.com/events/760826,https://tcg.ravensburgerplay.com/events/609862,£7.00,2026-07-10T21:42:04.271264
2026-09-27,Attack of the Vines,Sanctuary Gaming Centre,"Ashbrook House, Forest St, Sutton-in-Ashfield, England, NG17 1BE, GB",NG17 1BE,0,8,1h 42m,https://www.google.com/maps/dir/?api=1&origin=NN29%207RW&destination=Ashbrook%20House%2C%20Forest%20St%2C%20Sutton-in-Ashfield%2C%20England%2C%20NG17%201BE%2C%20GB,https://tcg.ravensburgerplay.com/events/856854,https://tcg.ravensburgerplay.com/events/695533,£15.00,2026-08-14T16:11:36.221015
2026-09-27,Attack of the Vines,Food and Board,"32-42 Tudor Drive, Food and Board, Yateley, England, GU466BY, GB",GU466BY,7,21,1h 43m,https://www.google.com/maps/dir/?api=1&origin=NN29%207RW&destination=32-42%20Tudor%20Drive%2C%20Food%20and%20Board%2C%20Yateley%2C%20England%2C%20GU466BY%2C%20GB,https://tcg.ravensburgerplay.com/events/835716,https://tcg.ravensburgerplay.com/events/589500,£15.00,2026-08-07T00:22:02.414902
2026-09-27,Attack of the Vines,The Games Store,"10 Stonebow Centre, Lincoln, England, LN2 1DY, GB",LN2 1DY,0,19,1h 47m,https://www.google.com/maps/dir/?api=1&origin=NN29%207RW&destination=10%20Stonebow%20Centre%2C%20Lincoln%2C%20England%2C%20LN2%201DY%2C%20GB,https://tcg.ravensburgerplay.com/events/807451,https://tcg.ravensburgerplay.com/events/582967,£15.00,2026-07-28T14:54:45.886030
2026-09-27,Attack of the Vines,Kushti Comics,"RG21 7LN, Basingstoke RG22 7LN, UK BASINGSTOKE, HAMPSHIRE RG217LS UNITED KINGDOM",RG21 7LN,6,17,1h 54m,https://www.google.com/maps/dir/?api=1&origin=NN29%207RW&destination=RG21%207LN%2C%20Basingstoke%20RG22%207LN%2C%20UK%0ABASINGSTOKE%2C%20HAMPSHIRE%0ARG217LS%0AUNITED%20KINGDOM,https://tcg.ravensburgerplay.com/events/857341,https://tcg.ravensburgerplay.com/events/608547,£15.00,2026-08-14T22:17:21.365028
2026-09-27,Attack of the Vines,Nerd Base,"Knightswick Road, Canvey Island, England, SS8 7AD, GB",SS8 7AD,0,14,1h 56m,https://www.google.com/maps/dir/?api=1&origin=NN29%207RW&destination=Knightswick%20Road%2C%20Canvey%20Island%2C%20England%2C%20SS8%207AD%2C%20GB,https://tcg.ravensburgerplay.com/events/742088,https://tcg.ravensburgerplay.com/events/567507,£0.00,2026-07-10T21:42:02.776017
2026-09-27,Attack of the Vines,Comics Games & Coffee Worthing,"8 Montague Street, Worthing, England, BN11 1YJ, GB",BN11 1YJ,0,15,2h 35m,https://www.google.com/maps/dir/?api=1&origin=NN29%207RW&destination=8%20Montague%20Street%2C%20Worthing%2C%20England%2C%20BN11%201YJ%2C%20GB,https://tcg.ravensburgerplay.com/events/857290,https://tcg.ravensburgerplay.com/events/700638,£15.00,2026-08-14T19:16:20.336004
2026-09-27,Attack of the Vines,Red Dragon's Vault,"4, Queen St, Wrexham, Wales, LL11 1AP, GB",LL11 1AP,6,N/A,2h 43m,https://www.google.com/maps/dir/?api=1&origin=NN29%207RW&destination=4%2C%20Queen%20St%2C%20Wrexham%2C%20Wales%2C%20LL11%201AP%2C%20GB,https://tcg.ravensburgerplay.com/events/807665,,£10.00,2026-07-28T17:59:32.903957
2026-09-27,Attack of the Vines,Gotcha Geek,"7, Queen St, Deal, England, CT14 6ET, GB",CT14 6ET,0,16,2h 54m,https://www.google.com/maps/dir/?api=1&origin=NN29%207RW&destination=7%2C%20Queen%20St%2C%20Deal%2C%20England%2C%20CT14%206ET%2C%20GB,https://tcg.ravensburgerplay.com/events/845608,https://tcg.ravensburgerplay.com/events/612428,£15.00,2026-08-10T20:43:53.978666
2026-09-27,Attack of the Vines,G3 Toys,"High Street, Unit 33, The Sovereign, Weston-Super-Mare, England, BS23 1HL, GB",BS23 1HL,0,8,2h 55m,https://www.google.com/maps/dir/?api=1&origin=NN29%207RW&destination=High%20Street%2C%20Unit%2033%2C%20The%20Sovereign%2C%20Weston-Super-Mare%2C%20England%2C%20BS23%201HL%2C%20GB,https://tcg.ravensburgerplay.com/events/843052,https://tcg.ravensburgerplay.com/events/627587,£15.00,2026-08-09T17:24:51.560119
2026-09-27,Attack of the Vines,Azgard Collectibles,"Broughton St, Cheetham Hill MANCHESTER M8 8NN UNITED KINGDOM",M8 8NN,0,N/A,2h 56m,https://www.google.com/maps/dir/?api=1&origin=NN29%207RW&destination=Broughton%20St%2C%20Cheetham%20Hill%0AMANCHESTER%0AM8%208NN%0AUNITED%20KINGDOM,https://tcg.ravensburgerplay.com/events/856577,,£0.00,2026-08-14T10:03:23.541573
2026-09-27,Attack of the Vines,JustPlay,"61 Tithebarn Street, Liverpool, England, L2 2SB, GB",L2 2SB,5,10,3h 2m,https://www.google.com/maps/dir/?api=1&origin=NN29%207RW&destination=61%20Tithebarn%20Street%2C%20Liverpool%2C%20England%2C%20L2%202SB%2C%20GB,https://tcg.ravensburgerplay.com/events/727161,https://tcg.ravensburgerplay.com/events/607425,£19.00,2026-07-10T21:42:03.751705
2026-09-27,Attack of the Vines,The Kobolds Kettle,"8 Market Square, The Kobolds Kettle, Lytham St Annes, England, FY8 5LW, GB",FY8 5LW,16,12,3h 29m,https://www.google.com/maps/dir/?api=1&origin=NN29%207RW&destination=8%20Market%20Square%2C%20The%20Kobolds%20Kettle%2C%20Lytham%20St%20Annes%2C%20England%2C%20FY8%205LW%2C%20GB,https://tcg.ravensburgerplay.com/events/793487,https://tcg.ravensburgerplay.com/events/558793,£12.00,2026-07-23T13:07:38.576045
